cbsa_code,cbsa_name,year,tot_lic,lg_lic,sm_lic,st_lic,inc_lic,tot_IP,tot_st,instate_st
NA,NA,2006,7,0,3,4,15751,43,3,3
NA,NA,2007,6,2,3,1,408668,55,1,1
NA,NA,2008,11,2,4,5,184693,38,5,5
NA,NA,2009,3,0,1,2,171324,23,2,0
NA,NA,2010,11,6,2,3,247226,37,3,3
NA,NA,2011,7,0,4,3,319482,33,3,2
NA,NA,2012,8,2,5,1,418048,49,1,0
NA,NA,2013,6,0,3,3,458000,29,3,2
NA,NA,2014,2,1,0,1,527000,46,1,0
NA,NA,2015,7,1,1,5,630000,39,4,2
NA,NA,2016,6,0,1,5,561000,56,5,2
NA,NA,2017,4,0,1,3,286000,40,3,2
10420,"Akron, OH",2006,10,2,4,4,2437712,69,5,5
10420,"Akron, OH",2007,11,3,6,2,6761249,85,3,3
10420,"Akron, OH",2008,16,2,6,8,1474559,66,5,5
10420,"Akron, OH",2009,10,7,2,1,794069,82,5,5
10420,"Akron, OH",2010,18,6,9,3,603459,53,2,2
10420,"Akron, OH",2011,8,4,0,4,638685,100,4,2
10420,"Akron, OH",2012,6,0,4,2,336155,63,2,2
10420,"Akron, OH",2013,4,1,0,3,226111,69,6,5
10420,"Akron, OH",2014,3,0,0,3,152500,85,3,3
10420,"Akron, OH",2015,7,1,1,5,233000,76,3,3
10420,"Akron, OH",2016,5,0,0,5,93000,58,4,4
10420,"Akron, OH",2017,6,0,1,5,93760,63,4,4
10580,"Albany-Schenectady-Troy, NY",2006,62,12,36,14,11094540,363,14,9
10580,"Albany-Schenectady-Troy, NY",2007,68,26,21,21,11047492,367,10,7
10580,"Albany-Schenectady-Troy, NY",2008,66,12,30,24,19577321,343,11,9
10580,"Albany-Schenectady-Troy, NY",2009,59,20,29,10,16928418,388,6,5
10580,"Albany-Schenectady-Troy, NY",2010,58,14,27,17,14195020,337,7,7
10580,"Albany-Schenectady-Troy, NY",2011,45,12,20,13,13725147,349,10,8
10580,"Albany-Schenectady-Troy, NY",2012,61,22,25,14,11711353,357,13,8
10580,"Albany-Schenectady-Troy, NY",2013,39,15,16,8,8819142,254,4,3
10580,"Albany-Schenectady-Troy, NY",2014,39,6,16,17,13200926,293,12,10
10580,"Albany-Schenectady-Troy, NY",2015,71,15,36,20,18270234,296,10,8
10580,"Albany-Schenectady-Troy, NY",2016,70,23,26,21,10741022,306,13,10
10580,"Albany-Schenectady-Troy, NY",2017,54,16,19,19,7284350,259,19,17
10740,"Albuquerque, NM",2006,23,4,12,7,781864,96,7,2
10740,"Albuquerque, NM",2007,23,1,14,8,718524,85,8,4
10740,"Albuquerque, NM",2008,21,2,13,6,563194,112,6,1
10740,"Albuquerque, NM",2009,37,8,29,0,805381,113,8,5
10740,"Albuquerque, NM",2010,33,3,25,5,3772659,122,5,4
10740,"Albuquerque, NM",2011,36,4,27,5,3095933,110,5,3
10740,"Albuquerque, NM",2012,46,5,11,30,2535356,124,7,5
10740,"Albuquerque, NM",2013,63,3,21,39,1702016,138,9,7
10740,"Albuquerque, NM",2014,56,4,9,43,1072923,119,9,7
10740,"Albuquerque, NM",2015,50,3,4,43,1502967,125,9,6
10740,"Albuquerque, NM",2016,53,1,0,48,1927020,102,12,7
10740,"Albuquerque, NM",2017,58,0,4,54,1335335,114,12,4
10900,"Allentown-Bethlehem-Easton, PA-NJ",2006,7,2,2,3,179084,18,2,2
10900,"Allentown-Bethlehem-Easton, PA-NJ",2007,2,1,0,1,156015,24,1,1
10900,"Allentown-Bethlehem-Easton, PA-NJ",2008,0,0,0,0,299238,20,0,0
10900,"Allentown-Bethlehem-Easton, PA-NJ",2009,0,0,0,0,0,18,0,0
10900,"Allentown-Bethlehem-Easton, PA-NJ",2010,0,0,0,0,169006,25,0,0
10900,"Allentown-Bethlehem-Easton, PA-NJ",2011,0,0,0,0,63310,19,0,0
10900,"Allentown-Bethlehem-Easton, PA-NJ",2012,1,0,0,1,58542,20,0,0
10900,"Allentown-Bethlehem-Easton, PA-NJ",2013,1,1,0,0,77144,25,0,0
10900,"Allentown-Bethlehem-Easton, PA-NJ",2014,1,0,0,1,585688,20,0,0
10900,"Allentown-Bethlehem-Easton, PA-NJ",2015,2,0,0,2,72394,21,1,1
11180,"Ames, IA",2006,183,10,165,8,24127395,209,7,3
11180,"Ames, IA",2007,149,15,128,6,35051725,201,4,3
11180,"Ames, IA",2008,79,19,58,2,32140480,155,2,2
11180,"Ames, IA",2009,103,12,89,2,51754883,165,4,3
11180,"Ames, IA",2010,104,16,82,6,36393708,181,3,3
11180,"Ames, IA",2011,70,15,46,9,17592461,174,4,4
11180,"Ames, IA",2012,70,14,52,4,17136424,204,4,4
11180,"Ames, IA",2013,108,20,78,10,10313716,194,8,6
11180,"Ames, IA",2014,91,25,47,19,6438546,252,14,13
11180,"Ames, IA",2015,148,34,95,19,4716403,277,11,11
11180,"Ames, IA",2016,124,17,77,30,6333090,295,19,18
11180,"Ames, IA",2017,145,38,78,29,5851362,223,14,13
11260,"Anchorage, AK",2010,16,0,0,0,13500,0,0,0
11260,"Anchorage, AK",2011,1,0,1,0,25000,24,0,0
11260,"Anchorage, AK",2012,2,0,2,0,11500,12,0,0
11260,"Anchorage, AK",2013,2,0,0,2,6500,15,2,2
11260,"Anchorage, AK",2014,2,0,0,2,9500,10,0,0
11260,"Anchorage, AK",2015,1,0,0,1,0,3,1,1
11260,"Anchorage, AK",2016,1,0,0,3,0,5,1,0
11260,"Anchorage, AK",2017,1,0,0,1,0,4,0,0
11460,"Ann Arbor, MI",2006,97,37,30,30,20438727,288,9,8
11460,"Ann Arbor, MI",2007,91,23,38,30,12795739,329,7,6
11460,"Ann Arbor, MI",2008,91,25,43,23,25008033,306,13,9
11460,"Ann Arbor, MI",2009,78,14,47,17,18311368,350,8,5
11460,"Ann Arbor, MI",2010,97,23,49,25,39822113,290,10,8
11460,"Ann Arbor, MI",2011,101,34,57,10,15608697,322,11,8
11460,"Ann Arbor, MI",2012,123,34,49,40,13909993,368,11,9
11460,"Ann Arbor, MI",2013,108,34,50,24,14464565,412,9,8
11460,"Ann Arbor, MI",2014,148,31,76,41,18465087,421,14,10
11460,"Ann Arbor, MI",2015,164,50,89,25,78779947,422,19,10
11460,"Ann Arbor, MI",2016,173,38,101,34,23391292,428,12,10
11460,"Ann Arbor, MI",2017,173,43,106,24,14645930,444,12,8
11900,"Athens, OH",2006,4,0,3,1,3263162,32,0,0
11900,"Athens, OH",2007,1,0,0,1,4412900,43,1,1
11900,"Athens, OH",2008,3,0,0,3,5872011,24,3,2
11900,"Athens, OH",2009,1,0,1,0,6875069,39,0,0
11900,"Athens, OH",2012,0,0,0,0,9400000,30,4,4
11900,"Athens, OH",2013,3,0,1,2,9926243,26,2,2
11900,"Athens, OH",2014,2,1,1,0,10669310,38,0,0
11900,"Athens, OH",2015,1,1,0,0,10593162,21,0,0
11900,"Athens, OH",2016,0,0,0,0,7719292,29,0,0
11900,"Athens, OH",2017,2,0,1,1,2360012,32,1,1
12020,"Athens-Clarke County, GA",2006,85,4,77,4,16805484,106,1,0
12020,"Athens-Clarke County, GA",2007,125,3,116,6,16156819,112,3,1
12020,"Athens-Clarke County, GA",2008,130,9,111,10,24128536,111,2,2
12020,"Athens-Clarke County, GA",2009,124,22,99,3,30531425,139,6,3
12020,"Athens-Clarke County, GA",2010,112,14,89,9,6672555,144,4,4
12020,"Athens-Clarke County, GA",2011,152,24,116,12,6866280,169,4,4
12020,"Athens-Clarke County, GA",2012,232,115,116,1,7513547,203,0,0
12020,"Athens-Clarke County, GA",2013,151,16,128,7,8260195,140,3,3
12020,"Athens-Clarke County, GA",2014,139,25,108,6,6576756,160,5,4
12020,"Athens-Clarke County, GA",2015,170,25,138,7,6527556,128,6,4
12020,"Athens-Clarke County, GA",2016,145,15,118,12,7622544,198,7,6
12020,"Athens-Clarke County, GA",2017,203,18,179,6,8733292,192,4,3
12060,"Atlanta-Sandy Springs-Alpharetta, GA",2006,47,15,17,15,19607751,496,11,9
12060,"Atlanta-Sandy Springs-Alpharetta, GA",2007,73,26,30,17,19660822,474,15,12
12060,"Atlanta-Sandy Springs-Alpharetta, GA",2008,73,27,29,17,21344218,503,12,14
12060,"Atlanta-Sandy Springs-Alpharetta, GA",2009,101,37,54,10,17445811,525,10,8
12060,"Atlanta-Sandy Springs-Alpharetta, GA",2010,78,29,37,12,16666366,621,12,11
12060,"Atlanta-Sandy Springs-Alpharetta, GA",2011,126,54,49,23,19793479,621,11,8
12060,"Atlanta-Sandy Springs-Alpharetta, GA",2012,174,113,39,22,27789721,652,19,14
12060,"Atlanta-Sandy Springs-Alpharetta, GA",2013,131,61,41,29,6720867,509,18,11
12060,"Atlanta-Sandy Springs-Alpharetta, GA",2014,69,28,23,18,15319016,550,11,10
12060,"Atlanta-Sandy Springs-Alpharetta, GA",2015,75,19,32,24,9634676,517,14,8
12060,"Atlanta-Sandy Springs-Alpharetta, GA",2016,57,17,31,9,7719337,485,9,3
12060,"Atlanta-Sandy Springs-Alpharetta, GA",2017,79,25,37,17,10011269,545,17,12
12220,"Auburn-Opelika, AL",2006,18,8,8,2,699810,93,0,0
12220,"Auburn-Opelika, AL",2007,13,3,6,4,553614,110,2,0
12220,"Auburn-Opelika, AL",2008,14,1,12,1,675132,84,1,1
12220,"Auburn-Opelika, AL",2009,15,0,15,0,693452,87,0,0
12220,"Auburn-Opelika, AL",2010,25,2,22,1,770134,105,1,1
12220,"Auburn-Opelika, AL",2011,20,1,16,3,630334,64,3,2
12220,"Auburn-Opelika, AL",2012,17,2,10,5,646659,87,1,1
12220,"Auburn-Opelika, AL",2013,7,2,5,0,835897,65,0,0
12220,"Auburn-Opelika, AL",2014,18,7,10,1,863334,54,1,1
12220,"Auburn-Opelika, AL",2015,24,12,8,4,1170753,57,2,0
12220,"Auburn-Opelika, AL",2016,13,4,8,1,1215367,71,1,1
12220,"Auburn-Opelika, AL",2017,22,8,11,3,1414816,70,3,1
12260,"Augusta-Richmond County, GA-SC",2006,11,5,3,3,223607,33,1,1
12260,"Augusta-Richmond County, GA-SC",2007,17,6,8,3,229172,53,0,0
12260,"Augusta-Richmond County, GA-SC",2008,8,3,2,3,290204,33,0,0
12260,"Augusta-Richmond County, GA-SC",2009,3,0,2,1,296390,42,0,0
12260,"Augusta-Richmond County, GA-SC",2010,0,0,0,0,0,0,0,0
12260,"Augusta-Richmond County, GA-SC",2011,6,3,0,3,148090,37,1,1
12260,"Augusta-Richmond County, GA-SC",2012,4,2,2,0,63417,30,0,1
12260,"Augusta-Richmond County, GA-SC",2013,6,4,2,0,205809,45,0,0
12260,"Augusta-Richmond County, GA-SC",2014,11,5,2,4,160813,32,4,4
12260,"Augusta-Richmond County, GA-SC",2015,10,7,1,2,416712,47,0,0
12260,"Augusta-Richmond County, GA-SC",2016,9,8,1,0,2555046,38,0,0
12260,"Augusta-Richmond County, GA-SC",2017,9,3,2,4,389743,40,4,3
12420,"Austin-Round Rock-Georgetown, TX",2006,50,10,33,7,8431700,98,7,5
12420,"Austin-Round Rock-Georgetown, TX",2007,20,9,8,3,6652102,139,3,2
12420,"Austin-Round Rock-Georgetown, TX",2008,56,30,13,13,11553727,154,10,6
12420,"Austin-Round Rock-Georgetown, TX",2009,161,58,73,30,32428040,744,22,25
12420,"Austin-Round Rock-Georgetown, TX",2010,175,49,99,43,38309487,713,33,28
12420,"Austin-Round Rock-Georgetown, TX",2011,157,45,75,37,65359377,719,20,27
12420,"Austin-Round Rock-Georgetown, TX",2012,136,39,81,23,61309587,774,22,21
12420,"Austin-Round Rock-Georgetown, TX",2013,146,39,75,32,55139493,823,18,12
12420,"Austin-Round Rock-Georgetown, TX",2014,163,44,81,38,52690395,830,27,18
12420,"Austin-Round Rock-Georgetown, TX",2015,252,149,50,53,57746934,874,30,26
12420,"Austin-Round Rock-Georgetown, TX",2016,247,132,80,35,216001636,948,33,27
12420,"Austin-Round Rock-Georgetown, TX",2017,279,136,88,55,60259197,868,37,23
12580,"Baltimore-Columbia-Towson, MD",2006,77,33,37,7,14317263,475,6,5
12580,"Baltimore-Columbia-Towson, MD",2007,126,98,21,6,13968273,557,5,6
12580,"Baltimore-Columbia-Towson, MD",2008,135,87,29,19,13156605,572,15,10
12580,"Baltimore-Columbia-Towson, MD",2009,120,42,66,12,13656354,470,12,7
12580,"Baltimore-Columbia-Towson, MD",2010,130,67,50,13,13628684,489,13,5
12580,"Baltimore-Columbia-Towson, MD",2011,185,88,77,20,16690111,656,12,18
12580,"Baltimore-Columbia-Towson, MD",2012,183,81,93,9,16695930,652,9,5
12580,"Baltimore-Columbia-Towson, MD",2013,151,67,72,12,18352947,671,12,6
12580,"Baltimore-Columbia-Towson, MD",2014,152,46,87,19,17047004,710,19,15
12580,"Baltimore-Columbia-Towson, MD",2015,171,47,108,16,18419744,791,16,15
12580,"Baltimore-Columbia-Towson, MD",2016,184,53,105,26,58436106,775,26,21
12580,"Baltimore-Columbia-Towson, MD",2017,200,60,117,23,17565622,929,23,15
12620,"Bangor, ME",2015,16,0,0,0,369982,19,1,0
12940,"Baton Rouge, LA",2006,13,1,8,4,5565255,138,4,3
12940,"Baton Rouge, LA",2007,19,1,16,2,4872555,131,2,0
12940,"Baton Rouge, LA",2008,12,2,8,2,2865003,141,2,1
12940,"Baton Rouge, LA",2009,17,3,8,6,6349177,118,6,4
12940,"Baton Rouge, LA",2010,26,1,20,5,9575115,121,5,4
12940,"Baton Rouge, LA",2011,33,0,29,4,11620443,96,4,3
12940,"Baton Rouge, LA",2012,19,4,12,3,10322805,88,3,3
12940,"Baton Rouge, LA",2013,24,4,17,3,10148412,112,3,3
12940,"Baton Rouge, LA",2014,29,1,26,2,10547492,142,2,2
12940,"Baton Rouge, LA",2015,27,0,13,7,11104217,152,7,4
12940,"Baton Rouge, LA",2016,39,6,30,3,9538939,173,3,3
12940,"Baton Rouge, LA",2017,35,16,9,10,9174480,173,6,6
13820,"Birmingham-Hoover, AL",2006,11,1,10,0,4685000,91,1,1
13820,"Birmingham-Hoover, AL",2007,17,8,9,0,3503204,92,0,0
13820,"Birmingham-Hoover, AL",2008,17,4,10,3,7404587,100,1,1
13820,"Birmingham-Hoover, AL",2009,29,8,15,6,2668761,97,5,3
13820,"Birmingham-Hoover, AL",2010,22,6,12,4,3804741,104,4,4
13820,"Birmingham-Hoover, AL",2011,27,13,9,5,6676056,85,5,3
13820,"Birmingham-Hoover, AL",2012,35,21,12,2,3965423,112,2,2
13820,"Birmingham-Hoover, AL",2013,22,10,9,3,4368684,101,2,2
13820,"Birmingham-Hoover, AL",2014,22,15,6,1,3998632,90,1,0
13820,"Birmingham-Hoover, AL",2015,23,14,9,0,3596587,56,0,0
13820,"Birmingham-Hoover, AL",2016,40,15,20,5,9839615,74,5,4
13820,"Birmingham-Hoover, AL",2017,44,15,23,6,4669909,91,6,4
13980,"Blacksburg-Christiansburg, VA",2006,10,2,7,1,1925564,119,1,1
13980,"Blacksburg-Christiansburg, VA",2007,15,2,11,2,1990550,126,2,2
13980,"Blacksburg-Christiansburg, VA",2008,20,1,18,1,1975867,197,3,2
13980,"Blacksburg-Christiansburg, VA",2009,35,6,22,7,2022510,176,6,2
13980,"Blacksburg-Christiansburg, VA",2010,45,28,15,2,3345236,148,2,0
13980,"Blacksburg-Christiansburg, VA",2011,24,16,7,1,1815665,149,1,0
13980,"Blacksburg-Christiansburg, VA",2012,34,17,11,6,2271231,171,6,6
13980,"Blacksburg-Christiansburg, VA",2013,25,10,9,6,2368556,174,6,3
13980,"Blacksburg-Christiansburg, VA",2014,32,16,13,3,2442901,163,3,2
13980,"Blacksburg-Christiansburg, VA",2015,38,21,9,8,1968947,105,8,7
13980,"Blacksburg-Christiansburg, VA",2016,49,40,5,4,1842364,159,4,1
14010,"Bloomington, IL",2014,0,0,0,0,0,2,0,0
14010,"Bloomington, IL",2015,1,1,0,0,0,2,0,0
14010,"Bloomington, IL",2016,1,0,0,1,0,5,0,0
14010,"Bloomington, IL",2017,1,0,0,1,2100,5,0,0
14020,"Bloomington, IN",2006,53,23,28,2,6726733,257,2,2
14020,"Bloomington, IN",2007,51,15,31,5,4635631,216,5,5
14020,"Bloomington, IN",2008,31,16,13,2,4960554,144,2,2
14020,"Bloomington, IN",2009,30,13,11,6,5952499,131,6,5
14020,"Bloomington, IN",2010,27,13,10,4,14126964,154,4,1
14020,"Bloomington, IN",2011,39,19,13,7,11125616,175,7,7
14020,"Bloomington, IN",2012,38,7,18,13,7102376,202,13,10
14020,"Bloomington, IN",2013,35,8,11,16,5940530,238,16,14
14020,"Bloomington, IN",2014,36,7,19,10,5485654,224,10,9
14020,"Bloomington, IN",2015,25,9,11,5,6847143,203,5,5
14020,"Bloomington, IN",2016,45,17,23,5,7031269,150,5,4
14020,"Bloomington, IN",2017,62,18,34,10,6697520,164,10,9
14260,"Boise City, ID",2009,1,0,1,0,5000,7,0,0
14260,"Boise City, ID",2010,4,0,4,0,1000,14,0,0
14260,"Boise City, ID",2011,12,0,12,0,500,23,0,0
14260,"Boise City, ID",2012,15,0,14,1,35471,25,1,1
14260,"Boise City, ID",2013,22,0,21,1,37582,24,0,0
14260,"Boise City, ID",2014,27,25,2,0,5600,16,0,0
14260,"Boise City, ID",2015,40,37,1,2,21475,15,0,0
14260,"Boise City, ID",2016,29,24,1,4,53847,16,4,4
14260,"Boise City, ID",2017,28,23,2,3,39231,14,0,0
14460,"Boston-Cambridge-Newton, MA-NH",2006,219,89,90,40,68542734,1028,33,17
14460,"Boston-Cambridge-Newton, MA-NH",2007,226,85,92,49,81478155,944,41,28
14460,"Boston-Cambridge-Newton, MA-NH",2008,210,62,93,51,116090348,1040,48,31
14460,"Boston-Cambridge-Newton, MA-NH",2009,195,72,75,48,89237283,909,31,23
14460,"Boston-Cambridge-Newton, MA-NH",2010,198,79,81,38,88555735,1001,29,15
14460,"Boston-Cambridge-Newton, MA-NH",2011,234,93,84,49,93898838,1077,40,24
14460,"Boston-Cambridge-Newton, MA-NH",2012,215,48,51,45,157649284,1208,35,29
14460,"Boston-Cambridge-Newton, MA-NH",2013,249,76,53,52,94143210,1295,35,25
14460,"Boston-Cambridge-Newton, MA-NH",2014,248,71,53,53,107426727,1482,38,25
14460,"Boston-Cambridge-Newton, MA-NH",2015,364,145,87,63,58447069,1533,47,30
14460,"Boston-Cambridge-Newton, MA-NH",2016,442,188,125,58,93963201,1598,40,27
14460,"Boston-Cambridge-Newton, MA-NH",2017,473,161,147,65,83498851,1594,45,27
14580,"Bozeman, MT",2006,29,16,8,5,219931,32,5,4
14580,"Bozeman, MT",2007,34,15,4,15,152184,30,0,0
14580,"Bozeman, MT",2008,46,13,11,22,272828,22,2,2
14580,"Bozeman, MT",2009,49,8,19,22,288608,26,3,3
14580,"Bozeman, MT",2010,53,10,12,31,273790,22,1,1
14580,"Bozeman, MT",2011,44,11,16,17,227342,18,0,0
14580,"Bozeman, MT",2012,54,21,23,10,554373,18,0,0
14580,"Bozeman, MT",2013,40,12,20,8,446786,17,0,0
14580,"Bozeman, MT",2014,63,19,36,8,275345,21,1,1
14580,"Bozeman, MT",2015,43,12,27,4,355325,27,3,3
14580,"Bozeman, MT",2016,32,7,19,6,429552,33,2,2
14580,"Bozeman, MT",2017,30,6,17,7,306249,17,1,1
15100,"Brookings, SD",2009,0,0,0,0,754048,16,1,1
15100,"Brookings, SD",2010,2,1,0,1,971942,46,0,0
15100,"Brookings, SD",2011,2,2,0,0,1283837,63,0,0
15100,"Brookings, SD",2012,5,3,0,2,3616255,61,0,0
15100,"Brookings, SD",2013,8,1,0,7,1379853,33,0,0
15100,"Brookings, SD",2014,13,6,1,6,2939816,38,1,1
15100,"Brookings, SD",2015,14,7,2,4,2051150,34,0,0
15100,"Brookings, SD",2016,11,3,5,3,2267741,29,0,0
15100,"Brookings, SD",2017,8,1,5,2,1077490,45,1,1
15980,"Cape Coral-Fort Myers, FL",2006,0,0,0,0,0,2,0,0
16580,"Champaign-Urbana, IL",2006,80,24,40,16,10222735,319,9,8
16580,"Champaign-Urbana, IL",2007,52,18,21,13,8071912,318,8,4
16580,"Champaign-Urbana, IL",2008,66,18,34,14,7547408,364,11,6
16580,"Champaign-Urbana, IL",2009,49,12,29,8,13364056,333,8,5
16580,"Champaign-Urbana, IL",2010,61,11,40,10,13471311,327,8,5
16580,"Champaign-Urbana, IL",2011,100,9,69,21,17424376,346,21,14
16580,"Champaign-Urbana, IL",2012,90,18,60,12,21398517,407,12,8
16580,"Champaign-Urbana, IL",2013,96,20,65,11,24178517,344,11,10
16580,"Champaign-Urbana, IL",2014,90,23,56,11,29383707,348,11,8
16580,"Champaign-Urbana, IL",2015,84,15,40,29,31578587,373,15,9
16580,"Champaign-Urbana, IL",2016,100,23,55,22,31703552,377,13,10
16580,"Champaign-Urbana, IL",2017,102,20,57,25,31140693,390,8,7
16700,"Charleston-North Charleston, SC",2006,10,4,3,3,596367,43,3,2
16700,"Charleston-North Charleston, SC",2007,4,1,1,2,734395,50,2,2
16700,"Charleston-North Charleston, SC",2008,3,1,0,2,862107,59,2,1
16700,"Charleston-North Charleston, SC",2009,9,3,1,5,450878,45,4,3
16700,"Charleston-North Charleston, SC",2010,7,0,1,6,180581,40,3,3
16700,"Charleston-North Charleston, SC",2011,11,0,8,3,431242,50,2,2
16700,"Charleston-North Charleston, SC",2012,6,0,0,6,2284627,75,2,2
16700,"Charleston-North Charleston, SC",2013,11,6,2,3,489083,147,3,3
16700,"Charleston-North Charleston, SC",2014,13,8,1,4,443630,167,4,4
16700,"Charleston-North Charleston, SC",2015,12,3,0,9,641248,109,9,8
16700,"Charleston-North Charleston, SC",2016,13,1,4,8,589778,107,4,4
16700,"Charleston-North Charleston, SC",2017,22,6,4,12,608714,102,6,6
16740,"Charlotte-Concord-Gastonia, NC-SC",2006,4,0,1,3,19112,60,3,3
16740,"Charlotte-Concord-Gastonia, NC-SC",2007,0,0,0,0,76500,50,1,1
16740,"Charlotte-Concord-Gastonia, NC-SC",2008,2,0,2,0,109360,46,3,3
16740,"Charlotte-Concord-Gastonia, NC-SC",2009,10,4,5,1,89409,37,3,3
16740,"Charlotte-Concord-Gastonia, NC-SC",2010,6,4,1,1,45685,37,4,4
16740,"Charlotte-Concord-Gastonia, NC-SC",2011,7,6,1,0,28592,53,3,3
16740,"Charlotte-Concord-Gastonia, NC-SC",2012,20,17,2,1,29841,41,3,3
16740,"Charlotte-Concord-Gastonia, NC-SC",2013,18,16,1,1,24000,31,4,4
16740,"Charlotte-Concord-Gastonia, NC-SC",2014,10,7,1,2,236002,26,4,3
16740,"Charlotte-Concord-Gastonia, NC-SC",2015,10,7,0,3,37298,47,4,3
16740,"Charlotte-Concord-Gastonia, NC-SC",2016,4,0,0,2,62328,41,5,5
16740,"Charlotte-Concord-Gastonia, NC-SC",2017,5,0,0,5,112014,48,4,4
16820,"Charlottesville, VA",2006,61,30,19,12,4066727,177,5,4
16820,"Charlottesville, VA",2007,58,22,26,10,5240321,184,4,3
16820,"Charlottesville, VA",2008,65,42,16,7,4479545,178,2,1
16820,"Charlottesville, VA",2009,57,49,4,4,6347487,162,2,1
16820,"Charlottesville, VA",2010,42,24,7,11,5206704,139,6,3
16820,"Charlottesville, VA",2011,58,32,9,17,6891374,141,6,6
16820,"Charlottesville, VA",2012,41,23,4,14,5422082,148,5,5
16820,"Charlottesville, VA",2013,59,20,34,5,2066416,162,4,4
16820,"Charlottesville, VA",2014,53,28,17,8,3595592,176,8,8
16820,"Charlottesville, VA",2015,71,27,37,7,2417134,187,7,5
16820,"Charlottesville, VA",2016,80,30,25,25,7492073,203,6,4
16820,"Charlottesville, VA",2017,81,33,31,17,3354570,207,6,5
16980,"Chicago-Naperville-Elgin, IL-IN-WI",2006,45,14,19,12,38841963,311,8,5
16980,"Chicago-Naperville-Elgin, IL-IN-WI",2007,63,27,24,12,100368026,334,10,6
16980,"Chicago-Naperville-Elgin, IL-IN-WI",2008,50,23,23,4,833049703,328,4,3
16980,"Chicago-Naperville-Elgin, IL-IN-WI",2009,47,23,19,5,176408436,304,3,2
16980,"Chicago-Naperville-Elgin, IL-IN-WI",2010,67,33,26,8,192654623,283,9,6
16980,"Chicago-Naperville-Elgin, IL-IN-WI",2011,79,24,43,12,204815807,312,11,8
16980,"Chicago-Naperville-Elgin, IL-IN-WI",2012,70,23,24,24,137956440,284,10,9
16980,"Chicago-Naperville-Elgin, IL-IN-WI",2013,59,19,16,24,267161035,318,14,11
16980,"Chicago-Naperville-Elgin, IL-IN-WI",2014,48,7,25,16,369124850,299,14,10
16980,"Chicago-Naperville-Elgin, IL-IN-WI",2015,68,20,17,26,70342353,323,18,13
16980,"Chicago-Naperville-Elgin, IL-IN-WI",2016,76,14,36,26,253963158,347,19,5
16980,"Chicago-Naperville-Elgin, IL-IN-WI",2017,70,17,30,24,255604804,353,21,13
17140,"Cincinnati, OH-KY-IN",2006,16,4,10,2,1136763,131,2,1
17140,"Cincinnati, OH-KY-IN",2007,17,5,11,1,1515207,123,1,0
17140,"Cincinnati, OH-KY-IN",2008,21,16,5,0,1591797,117,0,0
17140,"Cincinnati, OH-KY-IN",2009,24,7,14,3,2137401,119,4,1
17140,"Cincinnati, OH-KY-IN",2010,31,10,14,7,2074794,87,7,5
17140,"Cincinnati, OH-KY-IN",2011,32,11,17,4,561159,114,4,3
17140,"Cincinnati, OH-KY-IN",2012,25,5,14,6,463079,131,6,3
17140,"Cincinnati, OH-KY-IN",2013,27,3,21,3,420794,98,3,0
17140,"Cincinnati, OH-KY-IN",2014,14,5,7,2,500592,108,2,2
17140,"Cincinnati, OH-KY-IN",2015,15,4,10,1,385452,133,1,1
17140,"Cincinnati, OH-KY-IN",2016,9,5,3,1,811266,115,1,1
17140,"Cincinnati, OH-KY-IN",2017,21,8,8,5,517763,107,5,3
17460,"Cleveland-Elyria, OH",2006,37,0,0,4,10794377,174,4,3
17460,"Cleveland-Elyria, OH",2007,38,0,0,3,11213093,147,3,0
17460,"Cleveland-Elyria, OH",2008,34,18,16,0,13294612,129,1,1
17460,"Cleveland-Elyria, OH",2009,31,15,11,5,16281957,148,5,4
17460,"Cleveland-Elyria, OH",2010,38,15,10,13,14333273,216,5,5
17460,"Cleveland-Elyria, OH",2011,37,10,20,7,6303230,181,4,3
17460,"Cleveland-Elyria, OH",2012,28,12,9,7,4648435,189,3,3
17460,"Cleveland-Elyria, OH",2013,34,16,7,11,991497,224,5,3
17460,"Cleveland-Elyria, OH",2014,44,19,10,15,3229842,224,5,3
17460,"Cleveland-Elyria, OH",2015,50,22,22,6,1159577,258,4,4
17460,"Cleveland-Elyria, OH",2016,63,30,17,16,2630081,274,9,8
17460,"Cleveland-Elyria, OH",2017,66,31,22,13,1236937,258,9,6
17700,"Coffeyville, KS",2015,0,0,0,0,0,0,0,0
17820,"Colorado Springs, CO",2006,57,12,35,10,21233214,198,10,8
17820,"Colorado Springs, CO",2007,76,16,51,9,22698000,254,10,7
17820,"Colorado Springs, CO",2008,59,2,46,11,6040300,238,11,8
17820,"Colorado Springs, CO",2009,62,13,37,12,4430040,260,11,9
17820,"Colorado Springs, CO",2010,58,13,24,21,2366000,232,9,8
17820,"Colorado Springs, CO",2011,50,10,17,23,3870111,250,11,8
17820,"Colorado Springs, CO",2012,48,9,19,20,32825799,226,10,6
17820,"Colorado Springs, CO",2013,45,6,21,18,16486254,238,8,7
17820,"Colorado Springs, CO",2014,63,14,22,27,6176414,250,9,7
17820,"Colorado Springs, CO",2015,55,14,18,23,6311884,206,13,13
17820,"Colorado Springs, CO",2016,62,9,34,19,3102715,275,7,6
17820,"Colorado Springs, CO",2017,48,13,12,23,2117204,120,9,9
17860,"Columbia, MO",2006,16,6,8,2,2371287,107,2,1
17860,"Columbia, MO",2007,21,8,11,2,4672823,123,2,2
17860,"Columbia, MO",2008,65,20,39,6,6713233,137,6,6
17860,"Columbia, MO",2009,79,35,39,5,10400726,161,5,1
17860,"Columbia, MO",2010,54,7,40,7,10098770,131,7,6
17860,"Columbia, MO",2011,110,4,101,5,7760779,157,5,4
17860,"Columbia, MO",2012,68,31,28,9,6757538,163,9,6
17860,"Columbia, MO",2013,48,14,29,5,7749153,144,5,3
17860,"Columbia, MO",2014,67,22,40,5,10810846,175,5,4
17860,"Columbia, MO",2015,74,48,21,5,7951548,151,5,5
17860,"Columbia, MO",2016,67,17,47,3,16426551,185,3,0
17860,"Columbia, MO",2017,50,8,35,7,8046522,223,7,4
17900,"Columbia, SC",2006,20,5,8,7,412531,84,6,6
17900,"Columbia, SC",2008,17,0,13,4,210000,64,5,5
17900,"Columbia, SC",2009,12,2,7,3,139366,61,3,8
17900,"Columbia, SC",2010,16,3,6,7,537679,61,1,0
17900,"Columbia, SC",2011,10,1,1,8,2901036,52,3,2
17900,"Columbia, SC",2012,7,1,2,4,322394,62,4,4
17900,"Columbia, SC",2013,7,1,3,3,33737,68,2,2
17900,"Columbia, SC",2014,6,0,2,4,484302,69,4,1
17900,"Columbia, SC",2015,8,0,6,2,243944,46,3,3
17900,"Columbia, SC",2016,4,1,2,1,171557,62,1,1
17900,"Columbia, SC",2017,2,0,2,0,81857,60,1,1
18140,"Columbus, OH",2006,28,13,9,6,947000,145,5,5
18140,"Columbus, OH",2007,27,10,12,5,1245496,165,3,2
18140,"Columbus, OH",2008,23,11,6,5,2094803,142,5,2
18140,"Columbus, OH",2009,27,6,14,7,1711719,163,7,0
18140,"Columbus, OH",2010,35,22,5,8,1907046,173,8,7
18140,"Columbus, OH",2011,25,11,8,6,1420007,216,6,2
18140,"Columbus, OH",2012,33,16,9,8,2169545,319,5,4
18140,"Columbus, OH",2013,50,19,21,10,2105127,384,10,9
18140,"Columbus, OH",2014,68,15,39,14,2198509,305,14,7
18140,"Columbus, OH",2015,99,31,57,11,2459946,318,11,11
18140,"Columbus, OH",2016,54,10,35,9,2662190,280,9,8
18140,"Columbus, OH",2017,50,7,34,9,3237090,451,9,8
18700,"Corvallis, OR",2006,42,3,37,2,1879542,49,1,0
18700,"Corvallis, OR",2007,33,8,21,4,2149462,54,3,2
18700,"Corvallis, OR",2008,42,0,38,4,2346225,74,1,1
18700,"Corvallis, OR",2009,27,2,18,7,2407725,58,4,4
18700,"Corvallis, OR",2010,32,9,19,4,2480653,52,0,0
18700,"Corvallis, OR",2011,44,4,33,7,3542646,76,2,2
18700,"Corvallis, OR",2012,109,7,99,3,3735675,75,3,3
18700,"Corvallis, OR",2013,91,2,84,5,7311638,80,5,5
18700,"Corvallis, OR",2014,89,4,80,5,5205889,59,4,5
18700,"Corvallis, OR",2015,86,8,70,8,9263191,72,4,4
18700,"Corvallis, OR",2016,124,5,114,5,4168295,70,5,5
18700,"Corvallis, OR",2017,76,1,72,3,3843593,68,3,2
19100,"Dallas-Fort Worth-Arlington, TX",2006,6,1,4,1,48195,17,0,0
19100,"Dallas-Fort Worth-Arlington, TX",2007,14,3,7,4,188723,69,3,3
19100,"Dallas-Fort Worth-Arlington, TX",2008,10,4,3,3,271097,76,2,1
19100,"Dallas-Fort Worth-Arlington, TX",2009,1,0,1,0,48870,17,0,0
19100,"Dallas-Fort Worth-Arlington, TX",2010,4,0,3,1,51608,28,0,0
19100,"Dallas-Fort Worth-Arlington, TX",2011,6,2,3,1,78475,20,1,1
19100,"Dallas-Fort Worth-Arlington, TX",2012,4,0,1,3,56761,21,2,1
19100,"Dallas-Fort Worth-Arlington, TX",2013,7,5,1,1,101907,17,0,0
19100,"Dallas-Fort Worth-Arlington, TX",2014,1,0,1,0,58922,21,0,0
19100,"Dallas-Fort Worth-Arlington, TX",2015,2,0,2,0,6983,20,0,0
19100,"Dallas-Fort Worth-Arlington, TX",2016,1,0,1,0,12524,14,0,0
19100,"Dallas-Fort Worth-Arlington, TX",2017,12,5,3,4,75060,47,1,1
19430,"Dayton-Kettering, OH",2006,7,3,3,1,243835,31,1,0
19430,"Dayton-Kettering, OH",2007,7,0,0,1,79972,14,1,1
19430,"Dayton-Kettering, OH",2009,3,1,2,0,98370,25,0,0
19430,"Dayton-Kettering, OH",2010,5,1,4,0,98468,31,0,0
19430,"Dayton-Kettering, OH",2011,4,1,3,0,75064,27,0,0
19430,"Dayton-Kettering, OH",2012,2,0,2,0,84637,27,0,0
19430,"Dayton-Kettering, OH",2013,5,1,4,0,337149,31,0,0
19430,"Dayton-Kettering, OH",2014,5,0,4,1,36491,23,0,0
19430,"Dayton-Kettering, OH",2015,5,0,3,2,43637,32,0,0
19430,"Dayton-Kettering, OH",2016,8,0,2,2,158811,24,2,2
19430,"Dayton-Kettering, OH",2017,3,0,0,0,14530,16,1,0
19660,"Deltona-Daytona Beach-Ormond Beach, FL",2013,0,0,0,0,0,7,0,0
19660,"Deltona-Daytona Beach-Ormond Beach, FL",2016,0,0,0,0,0,13,0,0
19740,"Denver-Aurora-Lakewood, CO",2006,0,0,0,0,0,11,0,0
19740,"Denver-Aurora-Lakewood, CO",2007,0,0,0,0,0,7,0,0
19740,"Denver-Aurora-Lakewood, CO",2009,0,0,0,0,285117,11,0,0
19740,"Denver-Aurora-Lakewood, CO",2011,7,2,3,2,120000,24,2,2
19740,"Denver-Aurora-Lakewood, CO",2012,9,4,2,3,124480,33,2,2
19740,"Denver-Aurora-Lakewood, CO",2013,6,3,1,2,207459,41,1,1
19740,"Denver-Aurora-Lakewood, CO",2014,14,4,8,2,222827,46,0,0
19740,"Denver-Aurora-Lakewood, CO",2015,21,6,12,3,121217,49,0,0
19740,"Denver-Aurora-Lakewood, CO",2016,9,4,3,2,231459,59,2,1
19740,"Denver-Aurora-Lakewood, CO",2017,19,7,7,3,176700,50,2,1
19820,"Detroit-Warren-Dearborn, MI",2006,9,1,3,5,4037996,50,2,2
19820,"Detroit-Warren-Dearborn, MI",2007,16,5,6,5,4620108,45,3,4
19820,"Detroit-Warren-Dearborn, MI",2008,8,4,3,1,23554221,51,1,1
19820,"Detroit-Warren-Dearborn, MI",2010,6,1,1,4,527800,37,4,4
19820,"Detroit-Warren-Dearborn, MI",2011,12,3,1,8,727113,72,4,2
19820,"Detroit-Warren-Dearborn, MI",2012,3,2,1,0,512905,58,0,0
19820,"Detroit-Warren-Dearborn, MI",2013,5,1,3,1,387637,68,0,0
19820,"Detroit-Warren-Dearborn, MI",2014,8,1,5,2,438646,62,1,1
19820,"Detroit-Warren-Dearborn, MI",2015,4,1,1,2,695000,69,2,2
19820,"Detroit-Warren-Dearborn, MI",2016,17,3,0,5,981352,65,5,3
19820,"Detroit-Warren-Dearborn, MI",2017,6,1,4,1,660583,70,1,0
20500,"Durham-Chapel Hill, NC",2006,107,27,52,28,6672731,278,13,12
20500,"Durham-Chapel Hill, NC",2007,176,60,79,37,8848123,299,3,3
20500,"Durham-Chapel Hill, NC",2008,154,80,53,21,18370967,317,12,8
20500,"Durham-Chapel Hill, NC",2009,169,68,68,33,22112191,329,5,4
20500,"Durham-Chapel Hill, NC",2010,138,57,57,24,28331367,339,10,6
20500,"Durham-Chapel Hill, NC",2011,147,80,45,22,25963998,395,12,11
20500,"Durham-Chapel Hill, NC",2012,184,72,49,63,27004509,375,15,11
20500,"Durham-Chapel Hill, NC",2013,188,98,37,53,32985672,356,23,17
20500,"Durham-Chapel Hill, NC",2014,178,103,48,27,43515738,318,16,11
20500,"Durham-Chapel Hill, NC",2015,230,105,66,59,39716836,365,16,11
20500,"Durham-Chapel Hill, NC",2016,129,39,56,34,38315032,505,17,13
20500,"Durham-Chapel Hill, NC",2017,190,19,145,26,49119848,458,20,21
21660,"Eugene-Springfield, OR",2006,26,5,21,0,4318661,48,0,0
21660,"Eugene-Springfield, OR",2007,32,5,24,3,5125837,45,3,3
21660,"Eugene-Springfield, OR",2008,37,2,35,0,6848652,33,0,0
21660,"Eugene-Springfield, OR",2009,33,0,32,1,7188653,25,1,1
21660,"Eugene-Springfield, OR",2010,30,2,27,1,7496766,30,1,1
21660,"Eugene-Springfield, OR",2011,35,0,31,4,8014503,29,1,1
21660,"Eugene-Springfield, OR",2012,37,11,25,1,7880204,27,1,1
21660,"Eugene-Springfield, OR",2013,48,40,1,7,7451794,42,4,4
21660,"Eugene-Springfield, OR",2014,53,4,41,8,7063100,56,1,1
21660,"Eugene-Springfield, OR",2015,34,7,23,4,8037987,27,1,0
21660,"Eugene-Springfield, OR",2016,57,34,20,2,9125175,22,2,2
21660,"Eugene-Springfield, OR",2017,55,5,45,5,8853587,28,4,2
22020,"Fargo, ND-MN",2006,56,1,55,0,1210665,35,0,0
22020,"Fargo, ND-MN",2007,83,1,82,0,1323738,48,0,0
22020,"Fargo, ND-MN",2008,122,3,119,0,1487811,46,0,0
22020,"Fargo, ND-MN",2009,96,1,95,0,1539570,41,0,0
22020,"Fargo, ND-MN",2010,94,4,90,0,1884361,49,0,0
22020,"Fargo, ND-MN",2011,98,8,88,2,1930120,70,2,1
22020,"Fargo, ND-MN",2012,70,2,67,1,2133217,50,1,1
22020,"Fargo, ND-MN",2013,60,10,50,0,2172985,58,0,0
22020,"Fargo, ND-MN",2014,51,13,35,3,2005786,42,3,3
22020,"Fargo, ND-MN",2015,77,10,66,1,2514564,44,1,0
22020,"Fargo, ND-MN",2016,95,6,89,1,2779479,58,1,1
22220,"Fayetteville-Springdale-Rogers, AR",2007,9,2,4,3,404378,20,3,3
22220,"Fayetteville-Springdale-Rogers, AR",2008,9,3,1,5,302536,25,1,1
22220,"Fayetteville-Springdale-Rogers, AR",2009,61,53,7,1,663167,40,1,1
22220,"Fayetteville-Springdale-Rogers, AR",2010,64,44,14,6,688589,34,5,4
22220,"Fayetteville-Springdale-Rogers, AR",2011,32,4,26,2,901106,27,2,2
22220,"Fayetteville-Springdale-Rogers, AR",2012,42,5,34,3,1146246,31,3,3
22220,"Fayetteville-Springdale-Rogers, AR",2013,40,1,37,2,925153,44,2,2
22220,"Fayetteville-Springdale-Rogers, AR",2014,32,1,30,1,876112,51,0,0
22220,"Fayetteville-Springdale-Rogers, AR",2015,27,0,24,3,1154779,35,0,0
22220,"Fayetteville-Springdale-Rogers, AR",2016,40,2,34,4,1141530,58,4,2
22220,"Fayetteville-Springdale-Rogers, AR",2017,17,3,14,0,1534415,54,2,0
22380,"Flagstaff, AZ",2009,0,0,0,0,0,17,0,0
22380,"Flagstaff, AZ",2010,0,0,0,0,0,9,0,0
22380,"Flagstaff, AZ",2011,1,0,1,0,42684,12,0,0
22380,"Flagstaff, AZ",2012,1,0,0,1,18439,17,1,0
22380,"Flagstaff, AZ",2013,1,0,1,0,20115,18,0,0
22380,"Flagstaff, AZ",2014,1,0,0,1,22975,24,1,1
22380,"Flagstaff, AZ",2015,1,0,0,1,69365,27,0,0
22380,"Flagstaff, AZ",2016,1,0,1,0,5286,50,0,0
22380,"Flagstaff, AZ",2017,3,0,0,3,30070,46,3,0
22660,"Fort Collins, CO",2006,15,3,8,4,1069661,42,5,4
22660,"Fort Collins, CO",2007,21,3,11,7,2159867,80,6,6
22660,"Fort Collins, CO",2008,32,10,15,7,804680,89,3,2
22660,"Fort Collins, CO",2009,22,6,15,1,2776439,104,1,1
22660,"Fort Collins, CO",2010,33,7,21,5,1109841,114,5,5
22660,"Fort Collins, CO",2011,31,6,20,5,1311129,115,5,5
22660,"Fort Collins, CO",2012,28,2,21,5,1055558,114,6,6
22660,"Fort Collins, CO",2013,26,8,11,7,1153043,113,7,7
22660,"Fort Collins, CO",2014,28,6,18,4,1270904,122,4,4
22660,"Fort Collins, CO",2015,41,17,23,5,4780882,92,5,5
22660,"Fort Collins, CO",2016,40,18,19,3,2402123,105,5,3
22660,"Fort Collins, CO",2017,37,12,21,4,3189811,101,5,6
24220,"Grand Forks, ND-MN",2013,0,0,0,0,148220,30,0,0
24220,"Grand Forks, ND-MN",2014,0,0,0,0,183815,25,0,0
24220,"Grand Forks, ND-MN",2015,4,0,3,1,160219,29,1,0
24660,"Greensboro-High Point, NC",2006,1,1,0,0,29718,19,0,0
24660,"Greensboro-High Point, NC",2007,1,0,0,1,170732,18,1,1
24660,"Greensboro-High Point, NC",2008,5,2,1,2,200744,19,2,2
24660,"Greensboro-High Point, NC",2009,8,2,3,3,152354,16,2,2
24660,"Greensboro-High Point, NC",2010,3,2,1,0,120523,12,1,1
24660,"Greensboro-High Point, NC",2011,3,0,1,2,51274,30,1,1
24660,"Greensboro-High Point, NC",2012,2,1,0,1,14342,24,0,0
24660,"Greensboro-High Point, NC",2013,10,4,5,1,12322,18,1,1
24660,"Greensboro-High Point, NC",2014,4,1,2,1,75617,11,1,1
24660,"Greensboro-High Point, NC",2015,10,2,4,4,84517,18,2,2
24660,"Greensboro-High Point, NC",2016,4,3,0,1,37479,10,0,0
24780,"Greenville, NC",2006,2,0,1,1,343518,30,0,0
24780,"Greenville, NC",2007,3,1,2,0,330637,15,0,0
24780,"Greenville, NC",2008,2,0,1,1,915311,12,1,0
24780,"Greenville, NC",2009,4,3,1,0,838090,10,0,0
24780,"Greenville, NC",2010,2,2,0,0,293901,15,0,0
24780,"Greenville, NC",2011,1,1,0,0,557354,16,0,0
24780,"Greenville, NC",2012,3,1,2,0,88079,12,0,0
24780,"Greenville, NC",2013,1,0,0,1,73878,10,1,1
24780,"Greenville, NC",2014,5,1,2,2,134910,6,1,1
24780,"Greenville, NC",2015,5,0,3,2,154818,10,2,1
24780,"Greenville, NC",2016,7,2,1,4,263886,14,3,3
24780,"Greenville, NC",2017,4,1,3,0,286454,11,0,0
24860,"Greenville-Anderson, SC",2006,10,2,0,8,2450462,56,4,4
24860,"Greenville-Anderson, SC",2007,14,7,3,4,2830141,58,3,3
24860,"Greenville-Anderson, SC",2008,25,3,15,7,2861439,62,3,2
24860,"Greenville-Anderson, SC",2009,13,8,3,2,2837226,77,0,0
24860,"Greenville-Anderson, SC",2010,11,6,2,3,1064678,82,3,2
24860,"Greenville-Anderson, SC",2011,10,4,5,1,937274,124,2,1
24860,"Greenville-Anderson, SC",2012,11,5,1,5,853504,114,5,4
24860,"Greenville-Anderson, SC",2013,9,6,1,2,1134289,102,2,2
24860,"Greenville-Anderson, SC",2014,7,1,1,5,836846,129,4,4
24860,"Greenville-Anderson, SC",2015,10,2,1,7,394206,73,3,3
24860,"Greenville-Anderson, SC",2016,5,0,3,2,354827,60,2,2
24860,"Greenville-Anderson, SC",2017,9,5,1,3,539490,65,3,1
25500,"Harrisonburg, VA",2017,2,0,0,2,31878,6,1,0
25540,"Hartford-East Hartford-Middletown, CT",2006,13,4,5,4,814471,67,1,1
25540,"Hartford-East Hartford-Middletown, CT",2007,9,1,6,2,905439,75,3,3
25540,"Hartford-East Hartford-Middletown, CT",2008,17,2,12,3,691561,77,3,2
25540,"Hartford-East Hartford-Middletown, CT",2009,14,3,5,6,749365,86,7,5
25540,"Hartford-East Hartford-Middletown, CT",2010,12,2,6,4,898141,91,6,4
25540,"Hartford-East Hartford-Middletown, CT",2011,7,0,6,1,757360,67,0,1
25540,"Hartford-East Hartford-Middletown, CT",2012,9,0,4,5,965252,81,5,5
25540,"Hartford-East Hartford-Middletown, CT",2013,19,9,6,4,979921,71,4,4
25540,"Hartford-East Hartford-Middletown, CT",2014,22,8,8,6,1718083,59,5,5
25540,"Hartford-East Hartford-Middletown, CT",2015,15,2,5,8,944520,93,2,2
25540,"Hartford-East Hartford-Middletown, CT",2016,14,7,1,6,794435,69,4,3
25540,"Hartford-East Hartford-Middletown, CT",2017,11,4,5,2,1510377,61,3,3
25620,"Hattiesburg, MS",2015,2,0,2,0,194599,4,0,0
25620,"Hattiesburg, MS",2016,6,0,0,0,195012,7,0,0
25620,"Hattiesburg, MS",2017,5,0,0,0,61695,7,0,0
26340,"Houghton, MI",2006,9,6,1,2,462675,41,2,2
26340,"Houghton, MI",2007,8,4,1,3,425716,44,3,1
26340,"Houghton, MI",2008,10,4,3,3,523624,46,2,2
26340,"Houghton, MI",2009,10,8,1,1,462035,35,0,0
26340,"Houghton, MI",2010,14,4,6,4,308174,50,1,1
26340,"Houghton, MI",2011,12,6,3,3,296448,41,3,1
26340,"Houghton, MI",2012,14,9,2,3,248554,50,3,2
26340,"Houghton, MI",2013,13,9,2,2,198985,51,2,1
26340,"Houghton, MI",2014,15,11,2,2,264425,45,2,1
26340,"Houghton, MI",2015,11,9,1,1,237061,33,1,1
26340,"Houghton, MI",2016,17,4,6,7,253956,34,3,2
26340,"Houghton, MI",2017,14,5,2,7,326169,38,1,1
26420,"Houston-The Woodlands-Sugar Land, TX",2006,124,45,67,12,26366141,439,9,8
26420,"Houston-The Woodlands-Sugar Land, TX",2007,150,55,82,13,25689607,534,12,10
26420,"Houston-The Woodlands-Sugar Land, TX",2008,165,41,110,14,22181477,421,10,8
26420,"Houston-The Woodlands-Sugar Land, TX",2009,71,16,50,5,11441694,161,4,3
26420,"Houston-The Woodlands-Sugar Land, TX",2010,68,17,47,4,13124962,204,4,3
26420,"Houston-The Woodlands-Sugar Land, TX",2011,66,16,43,7,19035223,251,6,4
26420,"Houston-The Woodlands-Sugar Land, TX",2012,57,15,31,11,20818888,226,5,3
26420,"Houston-The Woodlands-Sugar Land, TX",2013,55,17,30,8,30941034,283,5,4
26420,"Houston-The Woodlands-Sugar Land, TX",2014,73,7,49,17,29197144,301,18,15
26420,"Houston-The Woodlands-Sugar Land, TX",2015,74,21,29,24,30491017,300,20,14
26420,"Houston-The Woodlands-Sugar Land, TX",2016,78,16,33,20,48752253,278,10,9
26420,"Houston-The Woodlands-Sugar Land, TX",2017,51,6,32,13,37905380,264,13,9
26620,"Huntsville, AL",2007,0,0,0,0,1117135,15,1,1
26620,"Huntsville, AL",2008,3,0,0,3,1024247,22,10,10
26620,"Huntsville, AL",2009,3,1,0,2,1012005,21,5,5
26620,"Huntsville, AL",2010,2,0,0,2,1037722,20,4,4
26620,"Huntsville, AL",2011,4,0,1,3,1043045,20,4,4
26620,"Huntsville, AL",2012,2,0,1,1,1023170,19,2,2
26620,"Huntsville, AL",2013,2,1,0,1,1018347,25,0,0
26620,"Huntsville, AL",2014,1,0,0,1,1031734,24,5,5
26620,"Huntsville, AL",2015,4,1,1,2,1028941,23,2,2
26620,"Huntsville, AL",2016,2,1,1,0,1028532,32,0,0
26620,"Huntsville, AL",2017,3,0,0,3,34497,42,2,2
26820,"Idaho Falls, ID",2006,1,0,0,1,251686,26,1,1
26820,"Idaho Falls, ID",2007,6,0,5,1,249865,25,1,1
26820,"Idaho Falls, ID",2008,2,1,1,0,335243,29,0,0
26820,"Idaho Falls, ID",2009,7,1,5,1,331062,32,1,0
26820,"Idaho Falls, ID",2010,13,3,9,1,204051,21,1,0
26820,"Idaho Falls, ID",2011,8,1,7,0,289990,28,0,0
26820,"Idaho Falls, ID",2012,6,0,6,0,651210,28,0,0
26820,"Idaho Falls, ID",2013,8,0,7,1,430688,16,1,1
26820,"Idaho Falls, ID",2014,7,0,5,2,1416451,17,2,1
26820,"Idaho Falls, ID",2015,10,2,8,0,418460,17,0,0
26820,"Idaho Falls, ID",2016,7,0,7,0,568629,17,0,0
26820,"Idaho Falls, ID",2017,5,1,4,0,1096624,21,0,0
27060,"Ithaca, NY",2006,49,26,10,13,6125000,237,6,3
27060,"Ithaca, NY",2007,34,15,16,3,5208000,236,2,2
27060,"Ithaca, NY",2008,46,21,16,9,6928171,246,5,4
27060,"Ithaca, NY",2009,23,11,12,0,5100407,362,3,3
27060,"Ithaca, NY",2010,37,8,17,12,11579905,308,12,11
27060,"Ithaca, NY",2011,162,9,143,10,8503975,367,10,5
27060,"Ithaca, NY",2012,182,8,159,15,9606906,390,7,4
27060,"Ithaca, NY",2013,162,17,137,8,7852122,395,8,4
27060,"Ithaca, NY",2014,107,5,89,13,11124292,354,11,6
27060,"Ithaca, NY",2015,94,16,58,20,8420247,357,15,10
27060,"Ithaca, NY",2016,83,11,59,13,12307783,359,11,6
27060,"Ithaca, NY",2017,87,8,65,14,11545189,435,15,10
27260,"Jacksonville, FL",2006,0,0,0,0,1273,3,0,0
27260,"Jacksonville, FL",2008,0,0,0,0,0,3,0,0
27260,"Jacksonville, FL",2014,0,0,0,0,10090,1,0,0
27260,"Jacksonville, FL",2017,1,1,0,0,540,6,0,0
28020,"Kalamazoo-Portage, MI",2006,1,0,1,0,2000,20,0,0
28020,"Kalamazoo-Portage, MI",2007,1,0,0,1,0,15,1,0
28020,"Kalamazoo-Portage, MI",2008,1,1,0,0,0,15,0,0
28140,"Kansas City, MO-KS",2006,5,4,1,0,108272,22,0,0
28420,"Kennewick-Richland, WA",2006,155,88,57,10,36199485,310,10,8
28420,"Kennewick-Richland, WA",2007,203,106,79,18,63283697,335,11,8
28420,"Kennewick-Richland, WA",2008,212,100,95,17,80330765,349,9,8
28420,"Kennewick-Richland, WA",2009,231,102,106,23,87339905,349,10,8
28420,"Kennewick-Richland, WA",2010,196,111,71,14,69032163,354,7,3
28420,"Kennewick-Richland, WA",2011,194,82,93,19,67362185,356,9,6
28420,"Kennewick-Richland, WA",2012,209,114,82,13,76955819,462,9,8
28420,"Kennewick-Richland, WA",2013,260,106,131,23,99491173,410,17,16
28420,"Kennewick-Richland, WA",2014,265,125,115,25,104767138,421,18,15
28420,"Kennewick-Richland, WA",2015,337,149,165,23,42840261,373,15,15
28420,"Kennewick-Richland, WA",2016,326,148,149,29,19628870,363,21,16
28420,"Kennewick-Richland, WA",2017,385,157,202,26,16750848,339,15,13
29180,"Lafayette, LA",2014,4,0,0,0,14600,15,0,0
29180,"Lafayette, LA",2015,1,0,0,0,56600,7,0,0
29180,"Lafayette, LA",2016,1,0,0,0,16500,19,1,0
29180,"Lafayette, LA",2017,3,0,0,0,17200,18,3,0
29200,"Lafayette-West Lafayette, IN",2006,110,48,48,14,3823581,256,14,10
29200,"Lafayette-West Lafayette, IN",2007,99,43,48,8,5079662,249,8,6
29200,"Lafayette-West Lafayette, IN",2008,82,25,46,11,3411728,227,11,4
29200,"Lafayette-West Lafayette, IN",2009,85,34,41,10,4201112,247,10,6
29200,"Lafayette-West Lafayette, IN",2010,99,31,57,11,3931628,257,11,9
29200,"Lafayette-West Lafayette, IN",2011,64,28,29,7,5836669,268,7,6
29200,"Lafayette-West Lafayette, IN",2012,77,27,45,5,4855772,356,5,4
29200,"Lafayette-West Lafayette, IN",2013,87,25,54,8,6305827,314,8,6
29200,"Lafayette-West Lafayette, IN",2014,120,0,0,0,7137369,284,24,20
29200,"Lafayette-West Lafayette, IN",2015,131,0,0,0,6377899,317,25,19
29200,"Lafayette-West Lafayette, IN",2016,147,0,0,0,5463605,376,27,19
29200,"Lafayette-West Lafayette, IN",2017,135,0,0,0,5134126,361,21,19
29620,"Lansing-East Lansing, MI",2006,45,19,19,7,4182565,156,4,4
29620,"Lansing-East Lansing, MI",2007,28,7,16,5,5583655,161,5,5
29620,"Lansing-East Lansing, MI",2008,25,8,14,3,4768590,91,3,3
29620,"Lansing-East Lansing, MI",2009,44,10,34,0,4449445,129,0,0
29620,"Lansing-East Lansing, MI",2010,31,6,18,7,4016733,116,0,0
29620,"Lansing-East Lansing, MI",2011,40,8,31,1,3615627,110,1,1
29620,"Lansing-East Lansing, MI",2012,32,8,19,5,3703641,127,3,3
29620,"Lansing-East Lansing, MI",2013,33,8,23,2,3302322,122,1,1
29620,"Lansing-East Lansing, MI",2014,70,15,53,2,3755836,131,0,0
29620,"Lansing-East Lansing, MI",2015,62,4,53,5,8579211,149,1,0
29620,"Lansing-East Lansing, MI",2016,67,9,50,8,5385479,179,3,3
29620,"Lansing-East Lansing, MI",2017,75,12,54,9,4598911,118,6,3
29740,"Las Cruces, NM",2006,2,0,2,0,114124,33,0,1
29740,"Las Cruces, NM",2007,3,0,2,1,83357,30,1,0
29740,"Las Cruces, NM",2008,3,3,0,0,177944,12,0,0
29740,"Las Cruces, NM",2009,1,0,0,1,107307,4,1,0
29740,"Las Cruces, NM",2010,2,0,0,2,15171,2,2,0
29740,"Las Cruces, NM",2011,3,1,0,2,21982,7,1,0
29740,"Las Cruces, NM",2012,4,0,3,1,35247,15,1,1
29740,"Las Cruces, NM",2013,2,0,0,2,0,9,2,2
29740,"Las Cruces, NM",2015,4,1,1,2,5000,15,4,3
29820,"Las Vegas-Henderson-Paradise, NV",2006,1,1,0,0,26500,10,0,0
29820,"Las Vegas-Henderson-Paradise, NV",2007,3,1,1,1,26500,15,0,0
29820,"Las Vegas-Henderson-Paradise, NV",2016,2,1,0,1,252309,57,1,1
29820,"Las Vegas-Henderson-Paradise, NV",2017,9,5,0,4,292526,57,4,2
29940,"Lawrence, KS",2006,9,0,3,6,231111,52,0,0
29940,"Lawrence, KS",2007,11,2,4,5,503880,65,3,2
29940,"Lawrence, KS",2008,10,2,5,3,1100168,55,2,2
29940,"Lawrence, KS",2009,14,0,0,0,1406616,101,2,0
29940,"Lawrence, KS",2010,7,7,0,0,954613,58,0,0
29940,"Lawrence, KS",2011,9,2,4,3,836407,87,4,4
29940,"Lawrence, KS",2012,8,2,4,2,9849481,77,2,2
29940,"Lawrence, KS",2013,14,3,9,2,11691537,83,2,2
29940,"Lawrence, KS",2014,33,19,11,3,10632227,66,3,3
29940,"Lawrence, KS",2015,44,24,18,2,9832208,81,1,0
29940,"Lawrence, KS",2016,34,11,19,4,10323137,76,4,3
29940,"Lawrence, KS",2017,37,18,12,7,10010246,75,7,1
30100,"Lebanon, NH-VT",2006,8,2,6,0,3282958,38,0,0
30100,"Lebanon, NH-VT",2007,27,1,23,3,2532668,50,1,1
30100,"Lebanon, NH-VT",2008,8,3,3,2,4939523,47,1,0
30100,"Lebanon, NH-VT",2009,9,0,8,1,1833707,66,1,1
30100,"Lebanon, NH-VT",2010,9,3,5,1,2335506,48,1,1
30100,"Lebanon, NH-VT",2011,6,1,2,3,6474957,56,2,2
30100,"Lebanon, NH-VT",2012,7,2,5,0,17225206,70,2,1
30100,"Lebanon, NH-VT",2013,8,0,6,2,1467349,60,1,1
30100,"Lebanon, NH-VT",2014,8,1,5,2,963513,65,1,1
30100,"Lebanon, NH-VT",2015,4,0,3,1,1003025,85,1,0
30100,"Lebanon, NH-VT",2016,3,0,2,1,1184012,75,0,0
30100,"Lebanon, NH-VT",2017,11,0,5,6,4985973,60,6,2
30460,"Lexington-Fayette, KY",2006,18,1,6,11,905895,85,4,4
30460,"Lexington-Fayette, KY",2007,20,4,3,13,1802905,69,10,8
30460,"Lexington-Fayette, KY",2008,19,4,1,14,1200000,85,8,8
30460,"Lexington-Fayette, KY",2009,19,4,1,14,1700000,77,14,12
30460,"Lexington-Fayette, KY",2010,9,1,2,6,2161743,57,6,5
30460,"Lexington-Fayette, KY",2011,8,0,1,7,1544664,59,7,5
30460,"Lexington-Fayette, KY",2012,9,2,1,6,1628264,83,6,6
30460,"Lexington-Fayette, KY",2013,9,5,1,3,4800000,58,3,3
30460,"Lexington-Fayette, KY",2014,11,4,1,6,3317185,84,6,5
30460,"Lexington-Fayette, KY",2015,3,0,0,3,1047630,59,3,3
30460,"Lexington-Fayette, KY",2016,7,0,1,6,6563190,53,5,3
30460,"Lexington-Fayette, KY",2017,13,2,5,6,4547906,54,6,6
30700,"Lincoln, NE",2006,13,2,5,6,1277420,88,5,3
30700,"Lincoln, NE",2007,32,4,24,4,2449252,120,4,3
30700,"Lincoln, NE",2008,28,4,18,6,2452336,157,3,2
30700,"Lincoln, NE",2009,32,18,7,7,2273608,147,6,5
30700,"Lincoln, NE",2010,73,14,43,16,5640881,271,12,13
30700,"Lincoln, NE",2011,48,8,29,11,16752176,202,5,4
30700,"Lincoln, NE",2012,58,7,43,8,9524695,265,8,6
30700,"Lincoln, NE",2013,65,14,37,14,9027315,200,14,13
30700,"Lincoln, NE",2014,37,9,22,6,6159350,160,6,4
30700,"Lincoln, NE",2015,38,10,22,6,6511937,163,5,4
30700,"Lincoln, NE",2016,42,9,31,2,4298918,166,2,1
30700,"Lincoln, NE",2017,50,18,23,9,2316920,191,9,4
30780,"Little Rock-North Little Rock-Conway, AR",2006,7,7,0,0,469662,33,0,0
30780,"Little Rock-North Little Rock-Conway, AR",2007,7,3,2,2,1205396,48,1,1
30780,"Little Rock-North Little Rock-Conway, AR",2008,1,1,0,0,677262,39,0,0
30780,"Little Rock-North Little Rock-Conway, AR",2009,6,1,3,2,811774,32,2,2
30780,"Little Rock-North Little Rock-Conway, AR",2011,7,3,2,2,735841,34,2,2
30780,"Little Rock-North Little Rock-Conway, AR",2012,6,0,2,4,0,26,4,3
30780,"Little Rock-North Little Rock-Conway, AR",2013,6,1,1,4,1137124,33,4,3
30780,"Little Rock-North Little Rock-Conway, AR",2014,2,0,0,2,1687401,36,2,2
30780,"Little Rock-North Little Rock-Conway, AR",2015,11,1,7,3,2379559,27,3,3
30780,"Little Rock-North Little Rock-Conway, AR",2016,10,2,6,2,1633589,35,2,2
30780,"Little Rock-North Little Rock-Conway, AR",2017,5,0,4,1,1748014,33,1,1
30860,"Logan, UT-ID",2006,10,2,4,4,494523,54,4,4
30860,"Logan, UT-ID",2007,8,5,0,3,491078,62,3,3
30860,"Logan, UT-ID",2008,11,1,10,0,524316,67,0,0
30860,"Logan, UT-ID",2009,11,2,4,5,637753,93,5,5
30860,"Logan, UT-ID",2010,19,4,10,5,729757,92,5,5
30860,"Logan, UT-ID",2011,13,2,8,3,775112,92,3,3
30860,"Logan, UT-ID",2012,14,2,7,5,567239,95,5,5
30860,"Logan, UT-ID",2013,15,2,13,0,561872,71,4,4
30860,"Logan, UT-ID",2014,17,3,14,0,1214564,68,4,4
30860,"Logan, UT-ID",2015,14,4,10,0,1161046,44,0,0
30860,"Logan, UT-ID",2016,14,2,9,3,1111640,59,3,2
31080,"Los Angeles-Long Beach-Anaheim, CA",2006,101,28,51,22,14897833,664,17,11
31080,"Los Angeles-Long Beach-Anaheim, CA",2007,82,19,50,13,11720663,843,13,1
31080,"Los Angeles-Long Beach-Anaheim, CA",2008,88,25,29,34,26491151,670,19,3
31080,"Los Angeles-Long Beach-Anaheim, CA",2009,50,16,11,23,52064541,736,23,14
31080,"Los Angeles-Long Beach-Anaheim, CA",2010,71,24,30,17,63878842,739,16,11
31080,"Los Angeles-Long Beach-Anaheim, CA",2011,76,16,42,18,34345342,534,16,9
31080,"Los Angeles-Long Beach-Anaheim, CA",2012,57,12,28,17,35050337,533,14,10
31080,"Los Angeles-Long Beach-Anaheim, CA",2013,83,19,46,18,29509417,617,17,15
31080,"Los Angeles-Long Beach-Anaheim, CA",2014,105,34,42,29,37857625,586,24,18
31080,"Los Angeles-Long Beach-Anaheim, CA",2015,125,33,49,43,25534941,595,25,19
31080,"Los Angeles-Long Beach-Anaheim, CA",2016,95,32,38,25,26944284,575,19,14
31080,"Los Angeles-Long Beach-Anaheim, CA",2017,115,31,39,45,18993377,516,24,19
31140,"Louisville/Jefferson County, KY-IN",2006,8,1,0,7,50652,72,3,2
31140,"Louisville/Jefferson County, KY-IN",2007,7,0,4,3,87629,75,3,2
31140,"Louisville/Jefferson County, KY-IN",2008,11,1,6,4,142321,84,3,3
31140,"Louisville/Jefferson County, KY-IN",2009,12,2,5,5,437410,86,5,4
31140,"Louisville/Jefferson County, KY-IN",2010,6,0,0,0,157439,105,0,0
31140,"Louisville/Jefferson County, KY-IN",2011,13,0,0,0,154809,109,0,0
31140,"Louisville/Jefferson County, KY-IN",2013,27,0,0,0,208645,105,0,0
31140,"Louisville/Jefferson County, KY-IN",2014,20,3,12,5,3999699,76,0,0
31140,"Louisville/Jefferson County, KY-IN",2015,21,1,11,9,1513590,94,0,0
31140,"Louisville/Jefferson County, KY-IN",2016,15,1,8,6,343195,97,6,5
31140,"Louisville/Jefferson County, KY-IN",2017,17,1,11,5,240213,72,5,2
31180,"Lubbock, TX",2013,10,1,3,6,462000,83,6,5
31180,"Lubbock, TX",2014,15,4,1,10,520114,94,6,6
31180,"Lubbock, TX",2015,14,1,5,8,368303,102,6,5
31180,"Lubbock, TX",2016,16,2,7,7,492459,97,4,3
31180,"Lubbock, TX",2017,19,0,3,16,692131,128,7,5
31540,"Madison, WI",2006,164,51,105,8,42863213,594,9,5
31540,"Madison, WI",2007,66,43,16,7,46985273,453,6,5
31540,"Madison, WI",2008,80,69,4,7,54230264,421,7,5
31540,"Madison, WI",2009,61,22,29,10,56880784,385,3,1
31540,"Madison, WI",2010,70,20,34,16,54966447,389,9,6
31540,"Madison, WI",2011,65,16,35,14,58156035,389,6,4
31540,"Madison, WI",2012,65,17,37,11,41532108,409,5,4
31540,"Madison, WI",2013,66,24,30,12,94411547,428,8,4
31540,"Madison, WI",2014,83,21,43,19,43579221,483,12,4
31540,"Madison, WI",2015,84,24,46,14,41290205,493,9,5
31540,"Madison, WI",2016,85,30,43,19,24663806,530,10,8
31540,"Madison, WI",2017,86,38,28,17,20904519,484,10,7
31740,"Manhattan, KS",2006,5,2,3,0,1322282,43,0,0
31740,"Manhattan, KS",2007,12,6,4,2,1426863,33,1,0
31740,"Manhattan, KS",2008,10,2,1,7,1550106,47,3,3
31740,"Manhattan, KS",2009,6,2,4,0,1509490,24,0,0
31740,"Manhattan, KS",2010,4,0,4,0,1468592,27,0,0
31740,"Manhattan, KS",2011,6,3,3,0,1562758,34,0,0
31740,"Manhattan, KS",2012,11,1,10,0,1596200,39,0,0
31740,"Manhattan, KS",2013,15,4,8,3,2266808,29,3,1
31740,"Manhattan, KS",2014,18,5,11,2,2134270,60,1,1
31740,"Manhattan, KS",2015,11,1,8,2,3203223,63,2,1
31740,"Manhattan, KS",2016,25,14,10,1,2530945,67,1,1
31740,"Manhattan, KS",2017,32,11,17,4,2656892,73,4,1
32820,"Memphis, TN-MS-AR",2009,2,0,1,1,54000,15,0,0
32820,"Memphis, TN-MS-AR",2010,0,0,0,0,50500,18,0,0
32820,"Memphis, TN-MS-AR",2012,4,0,2,2,34437,7,2,2
32820,"Memphis, TN-MS-AR",2013,1,0,1,0,19927,20,0,0
32820,"Memphis, TN-MS-AR",2014,1,0,1,0,22132,13,0,0
32820,"Memphis, TN-MS-AR",2017,0,0,0,0,0,20,0,0
33100,"Miami-Fort Lauderdale-Pompano Beach, FL",2006,15,8,5,1,1036269,88,1,1
33100,"Miami-Fort Lauderdale-Pompano Beach, FL",2007,11,4,5,2,1125811,99,2,2
33100,"Miami-Fort Lauderdale-Pompano Beach, FL",2008,4,1,3,0,734446,138,0,0
33100,"Miami-Fort Lauderdale-Pompano Beach, FL",2009,21,1,14,6,1482516,103,4,3
33100,"Miami-Fort Lauderdale-Pompano Beach, FL",2010,11,2,2,5,1476079,146,3,2
33100,"Miami-Fort Lauderdale-Pompano Beach, FL",2011,15,0,12,3,1065082,118,3,3
33100,"Miami-Fort Lauderdale-Pompano Beach, FL",2012,8,1,4,3,1230417,103,3,3
33100,"Miami-Fort Lauderdale-Pompano Beach, FL",2013,19,1,6,12,1725296,75,3,3
33100,"Miami-Fort Lauderdale-Pompano Beach, FL",2014,24,4,5,15,2043127,51,5,2
33100,"Miami-Fort Lauderdale-Pompano Beach, FL",2015,27,3,17,7,6719027,92,7,7
33100,"Miami-Fort Lauderdale-Pompano Beach, FL",2016,32,3,17,12,7442358,108,6,6
33100,"Miami-Fort Lauderdale-Pompano Beach, FL",2017,24,2,12,10,9649088,82,10,10
33340,"Milwaukee-Waukesha, WI",2012,12,6,3,3,54066,46,1,1
33340,"Milwaukee-Waukesha, WI",2013,6,1,3,2,111701,36,2,2
33340,"Milwaukee-Waukesha, WI",2014,7,1,3,3,43754,49,2,2
33340,"Milwaukee-Waukesha, WI",2015,15,0,3,3,955381,67,2,1
33340,"Milwaukee-Waukesha, WI",2016,7,2,1,4,919855,60,1,0
33340,"Milwaukee-Waukesha, WI",2017,8,1,3,4,1021257,84,2,2
33460,"Minneapolis-St. Paul-Bloomington, MN-WI",2006,83,23,55,5,56193050,230,3,1
33460,"Minneapolis-St. Paul-Bloomington, MN-WI",2007,76,17,53,6,63315910,193,4,4
33460,"Minneapolis-St. Paul-Bloomington, MN-WI",2008,63,18,42,3,84669281,217,1,1
33460,"Minneapolis-St. Paul-Bloomington, MN-WI",2009,53,11,39,3,95168525,244,3,2
33460,"Minneapolis-St. Paul-Bloomington, MN-WI",2010,73,31,34,8,83905660,255,8,7
33460,"Minneapolis-St. Paul-Bloomington, MN-WI",2011,113,25,79,9,10078505,250,9,6
33460,"Minneapolis-St. Paul-Bloomington, MN-WI",2012,75,20,43,12,45651548,321,12,5
33460,"Minneapolis-St. Paul-Bloomington, MN-WI",2013,91,40,37,14,38030470,331,14,12
33460,"Minneapolis-St. Paul-Bloomington, MN-WI",2014,154,96,43,15,26074625,343,15,13
33460,"Minneapolis-St. Paul-Bloomington, MN-WI",2015,268,184,68,16,18526963,354,16,12
33460,"Minneapolis-St. Paul-Bloomington, MN-WI",2016,194,114,63,17,45241344,402,17,14
33460,"Minneapolis-St. Paul-Bloomington, MN-WI",2017,213,151,44,18,22935794,406,18,16
33540,"Missoula, MT",2006,2,0,0,2,0,10,0,0
33540,"Missoula, MT",2007,4,0,2,2,621,4,1,1
33540,"Missoula, MT",2011,5,0,5,0,34155,10,0,0
33660,"Mobile, AL",2006,1,1,0,0,1218684,10,0,0
33660,"Mobile, AL",2007,0,0,0,0,1975683,10,0,0
33660,"Mobile, AL",2008,0,0,0,0,2022116,11,0,0
33660,"Mobile, AL",2009,1,0,1,0,2553723,11,0,0
33660,"Mobile, AL",2010,3,0,3,0,2302192,17,2,2
33660,"Mobile, AL",2011,4,0,2,2,2400157,14,2,2
33660,"Mobile, AL",2012,9,3,3,3,1852438,16,0,0
33660,"Mobile, AL",2013,1,1,0,3,2041257,13,0,0
33660,"Mobile, AL",2015,2,0,0,2,2327964,20,2,2
33660,"Mobile, AL",2016,1,0,0,1,1937947,25,2,2
33660,"Mobile, AL",2017,3,0,0,3,2530127,36,1,1
34060,"Morgantown, WV",2008,11,2,6,3,72240,38,1,1
34060,"Morgantown, WV",2009,11,0,11,0,136971,33,3,3
34060,"Morgantown, WV",2010,7,3,4,0,147218,32,2,2
34060,"Morgantown, WV",2011,3,0,2,1,148531,52,0,0
34060,"Morgantown, WV",2012,10,3,4,3,128665,49,2,1
34060,"Morgantown, WV",2013,3,0,2,1,159430,31,1,0
34060,"Morgantown, WV",2015,10,1,5,4,27793,33,1,1
34060,"Morgantown, WV",2016,7,4,2,1,64715,48,0,0
34060,"Morgantown, WV",2017,2,2,0,0,1503265,39,1,1
34620,"Muncie, IN",2006,2,1,1,0,244719,15,1,1
34620,"Muncie, IN",2008,3,1,2,0,112443,15,1,1
34620,"Muncie, IN",2009,2,1,1,0,146537,31,0,0
34620,"Muncie, IN",2012,0,0,0,0,0,16,0,0
34620,"Muncie, IN",2013,0,0,0,0,0,11,0,0
34620,"Muncie, IN",2014,0,0,0,0,0,14,0,0
34980,"Nashville-Davidson--Murfreesboro--Franklin, TN",2006,57,11,41,5,9836381,224,8,8
34980,"Nashville-Davidson--Murfreesboro--Franklin, TN",2007,59,19,32,8,10202451,210,6,7
34980,"Nashville-Davidson--Murfreesboro--Franklin, TN",2008,66,9,50,7,12199536,231,6,4
34980,"Nashville-Davidson--Murfreesboro--Franklin, TN",2009,62,12,40,10,12939479,234,3,2
34980,"Nashville-Davidson--Murfreesboro--Franklin, TN",2010,58,8,47,3,6063812,224,4,4
34980,"Nashville-Davidson--Murfreesboro--Franklin, TN",2011,64,18,45,1,11307297,254,0,0
34980,"Nashville-Davidson--Murfreesboro--Franklin, TN",2012,84,14,58,12,11172853,334,13,11
34980,"Nashville-Davidson--Murfreesboro--Franklin, TN",2013,104,32,65,7,23207267,323,8,7
34980,"Nashville-Davidson--Murfreesboro--Franklin, TN",2014,116,18,84,14,6981112,337,9,6
34980,"Nashville-Davidson--Murfreesboro--Franklin, TN",2015,119,41,59,19,11002396,295,14,12
34980,"Nashville-Davidson--Murfreesboro--Franklin, TN",2016,88,30,43,15,6484742,310,7,5
34980,"Nashville-Davidson--Murfreesboro--Franklin, TN",2017,100,24,60,16,9514109,345,12,7
35380,"New Orleans-Metairie, LA",2006,1,0,1,0,6763692,14,0,0
35380,"New Orleans-Metairie, LA",2007,0,0,0,0,6686473,14,0,0
35380,"New Orleans-Metairie, LA",2008,2,0,1,1,5492028,28,1,0
35380,"New Orleans-Metairie, LA",2009,2,1,1,0,9366708,18,0,0
35380,"New Orleans-Metairie, LA",2010,2,1,1,0,6708767,36,0,0
35380,"New Orleans-Metairie, LA",2011,6,0,3,3,3208650,36,3,2
35380,"New Orleans-Metairie, LA",2012,8,2,2,4,10629051,55,4,2
35380,"New Orleans-Metairie, LA",2013,9,3,0,6,3836253,57,4,3
35380,"New Orleans-Metairie, LA",2014,9,0,3,6,2533364,50,3,2
35380,"New Orleans-Metairie, LA",2015,8,1,3,4,2172377,48,3,2
35380,"New Orleans-Metairie, LA",2016,8,1,7,5,2055364,41,3,2
35380,"New Orleans-Metairie, LA",2017,10,0,3,7,1615811,40,5,5
35620,"New York-Newark-Jersey City, NY-NJ-PA",2006,122,37,71,14,187733199,357,9,6
35620,"New York-Newark-Jersey City, NY-NJ-PA",2007,210,59,67,40,960937452,722,28,16
35620,"New York-Newark-Jersey City, NY-NJ-PA",2008,277,131,123,23,280366392,723,21,13
35620,"New York-Newark-Jersey City, NY-NJ-PA",2009,314,168,117,29,303993042,761,25,16
35620,"New York-Newark-Jersey City, NY-NJ-PA",2010,274,101,133,40,356709763,807,29,16
35620,"New York-Newark-Jersey City, NY-NJ-PA",2011,234,66,119,49,325045146,858,36,18
35620,"New York-Newark-Jersey City, NY-NJ-PA",2012,273,125,114,34,433792691,969,29,14
35620,"New York-Newark-Jersey City, NY-NJ-PA",2013,326,102,98,36,447621788,1020,38,15
35620,"New York-Newark-Jersey City, NY-NJ-PA",2014,369,154,156,59,474905920,1046,53,25
35620,"New York-Newark-Jersey City, NY-NJ-PA",2015,351,118,164,69,511801812,997,63,16
35620,"New York-Newark-Jersey City, NY-NJ-PA",2016,357,125,166,66,392015090,1067,59,27
35620,"New York-Newark-Jersey City, NY-NJ-PA",2017,299,97,128,74,225321468,958,51,11
36100,"Ocala, FL",2006,73,19,43,11,42900000,260,10,9
36100,"Ocala, FL",2007,74,13,42,19,48035273,327,9,6
36100,"Ocala, FL",2008,75,12,51,12,52252469,299,14,8
36100,"Ocala, FL",2009,115,9,88,18,53880476,304,10,6
36100,"Ocala, FL",2010,92,14,64,14,29235006,295,9,5
36100,"Ocala, FL",2011,131,24,92,15,29493522,322,12,7
36100,"Ocala, FL",2012,129,16,89,24,33922249,345,15,10
36100,"Ocala, FL",2013,140,40,68,32,28067988,335,16,6
36100,"Ocala, FL",2014,147,36,76,35,32865349,352,16,15
36100,"Ocala, FL",2015,261,16,217,28,32972356,337,15,13
36100,"Ocala, FL",2016,293,21,252,20,44569084,321,17,7
36100,"Ocala, FL",2017,257,22,214,21,41600839,331,11,5
36420,"Oklahoma City, OK",2006,18,3,6,9,1596325,101,6,6
36420,"Oklahoma City, OK",2007,9,2,5,2,1455329,93,3,1
36420,"Oklahoma City, OK",2008,12,1,8,3,1537317,115,3,2
36420,"Oklahoma City, OK",2009,22,4,13,5,1896381,100,8,7
36420,"Oklahoma City, OK",2010,12,0,6,6,1871880,91,3,3
36420,"Oklahoma City, OK",2011,21,3,10,8,2543712,115,4,3
36420,"Oklahoma City, OK",2012,14,3,6,5,3600230,104,6,6
36420,"Oklahoma City, OK",2013,19,3,9,7,3409783,126,3,3
36420,"Oklahoma City, OK",2014,17,7,7,3,5402155,108,3,3
36420,"Oklahoma City, OK",2015,22,7,9,6,4265456,112,5,4
36420,"Oklahoma City, OK",2016,17,6,5,6,3518230,110,5,4
36420,"Oklahoma City, OK",2017,26,3,15,8,9695715,129,7,7
36540,"Omaha-Council Bluffs, NE-IA",2006,5,2,2,1,352785,17,1,0
36540,"Omaha-Council Bluffs, NE-IA",2014,1,0,0,1,12331,8,1,1
36540,"Omaha-Council Bluffs, NE-IA",2015,2,1,1,0,57202,8,0,0
36540,"Omaha-Council Bluffs, NE-IA",2016,2,1,1,1,23078,7,0,0
36740,"Orlando-Kissimmee-Sanford, FL",2006,17,4,6,4,730398,114,4,2
36740,"Orlando-Kissimmee-Sanford, FL",2007,8,2,1,5,1226758,106,3,1
36740,"Orlando-Kissimmee-Sanford, FL",2008,8,1,5,2,327176,93,2,2
36740,"Orlando-Kissimmee-Sanford, FL",2009,5,1,1,3,640008,83,3,1
36740,"Orlando-Kissimmee-Sanford, FL",2010,13,3,4,6,647482,96,6,6
36740,"Orlando-Kissimmee-Sanford, FL",2011,11,2,7,2,500966,109,2,1
36740,"Orlando-Kissimmee-Sanford, FL",2012,10,2,3,5,1009000,126,5,3
36740,"Orlando-Kissimmee-Sanford, FL",2013,17,2,12,3,797883,124,3,2
36740,"Orlando-Kissimmee-Sanford, FL",2014,23,7,8,8,1072103,98,8,6
36740,"Orlando-Kissimmee-Sanford, FL",2015,38,5,19,14,1582117,98,14,8
36740,"Orlando-Kissimmee-Sanford, FL",2016,34,7,18,9,1828311,99,9,8
36740,"Orlando-Kissimmee-Sanford, FL",2017,40,19,16,5,3435592,100,1,1
36830,"Othello, WA",2006,22,13,9,0,724431,70,0,0
36830,"Othello, WA",2007,28,12,14,2,1004315,58,0,0
36830,"Othello, WA",2008,15,6,5,4,1010047,55,2,2
36830,"Othello, WA",2009,16,6,9,1,906027,53,2,1
36830,"Othello, WA",2010,10,2,6,2,616781,59,2,1
36830,"Othello, WA",2011,33,4,26,3,548439,61,4,3
36830,"Othello, WA",2012,34,1,27,6,631963,64,6,5
36830,"Othello, WA",2013,50,7,37,6,590856,66,4,2
36830,"Othello, WA",2014,75,26,44,5,985785,103,5,3
36830,"Othello, WA",2015,72,16,47,9,1255399,113,9,8
36830,"Othello, WA",2016,85,12,66,7,1955051,126,7,6
36830,"Othello, WA",2017,51,13,29,9,2284872,136,12,9
37060,"Oxford, MS",2006,9,1,5,3,1535111,21,2,2
37060,"Oxford, MS",2007,2,1,1,0,1503647,21,1,1
37060,"Oxford, MS",2008,6,0,2,4,81173,6,3,1
37060,"Oxford, MS",2009,6,0,2,4,81173,6,3,1
37060,"Oxford, MS",2010,3,0,1,2,110883,9,2,2
37060,"Oxford, MS",2011,3,0,2,1,271744,10,0,1
37060,"Oxford, MS",2012,3,0,2,1,107400,12,1,1
37060,"Oxford, MS",2013,3,0,1,2,74831,1,2,2
37060,"Oxford, MS",2014,1,0,0,1,918711,13,0,0
37060,"Oxford, MS",2015,13,0,3,10,459865,9,2,0
37060,"Oxford, MS",2016,4,0,0,4,11919246,17,0,0
37060,"Oxford, MS",2017,1,0,0,1,402304,15,0,0
37340,"Palm Bay-Melbourne-Titusville, FL",2006,1,0,0,0,66342,3,0,0
37340,"Palm Bay-Melbourne-Titusville, FL",2007,1,1,0,0,69908,5,0,0
37860,"Pensacola-Ferry Pass-Brent, FL",2006,1,0,1,0,0,0,0,0
37860,"Pensacola-Ferry Pass-Brent, FL",2007,0,0,0,0,0,3,0,0
37860,"Pensacola-Ferry Pass-Brent, FL",2008,1,0,1,0,0,3,0,0
37860,"Pensacola-Ferry Pass-Brent, FL",2009,0,0,0,0,0,3,0,0
37860,"Pensacola-Ferry Pass-Brent, FL",2010,0,0,0,0,0,1,0,0
37860,"Pensacola-Ferry Pass-Brent, FL",2011,2,0,2,0,0,3,0,0
37860,"Pensacola-Ferry Pass-Brent, FL",2012,1,0,1,0,0,1,0,0
37860,"Pensacola-Ferry Pass-Brent, FL",2014,2,1,1,0,7220,2,0,0
37860,"Pensacola-Ferry Pass-Brent, FL",2015,0,0,0,0,808,3,0,0
37860,"Pensacola-Ferry Pass-Brent, FL",2016,0,0,0,0,1044,0,0,0
37980,"Philadelphia-Camden-Wilmington, PA-NJ-DE-MD",2006,45,14,23,8,9726949,467,8,6
37980,"Philadelphia-Camden-Wilmington, PA-NJ-DE-MD",2007,57,10,36,11,8659572,481,12,5
37980,"Philadelphia-Camden-Wilmington, PA-NJ-DE-MD",2008,77,27,40,10,11271173,613,6,2
37980,"Philadelphia-Camden-Wilmington, PA-NJ-DE-MD",2009,100,35,54,11,17708931,588,8,5
37980,"Philadelphia-Camden-Wilmington, PA-NJ-DE-MD",2010,107,31,62,14,13122851,626,11,4
37980,"Philadelphia-Camden-Wilmington, PA-NJ-DE-MD",2011,129,39,75,15,17074915,632,13,12
37980,"Philadelphia-Camden-Wilmington, PA-NJ-DE-MD",2012,156,35,90,31,21987012,653,25,19
37980,"Philadelphia-Camden-Wilmington, PA-NJ-DE-MD",2013,178,45,109,24,100142784,689,36,32
37980,"Philadelphia-Camden-Wilmington, PA-NJ-DE-MD",2014,179,46,107,26,18704151,636,32,30
37980,"Philadelphia-Camden-Wilmington, PA-NJ-DE-MD",2015,229,57,133,39,44631949,757,31,26
37980,"Philadelphia-Camden-Wilmington, PA-NJ-DE-MD",2016,233,47,99,87,51891174,763,36,26
37980,"Philadelphia-Camden-Wilmington, PA-NJ-DE-MD",2017,213,57,112,44,32719251,672,34,26
38060,"Phoenix-Mesa-Chandler, AZ",2006,19,7,8,4,3349612,154,5,4
38060,"Phoenix-Mesa-Chandler, AZ",2007,14,9,1,4,3303549,152,4,2
38060,"Phoenix-Mesa-Chandler, AZ",2008,50,40,6,4,1212021,147,1,1
38060,"Phoenix-Mesa-Chandler, AZ",2009,49,16,19,14,1878749,164,5,4
38060,"Phoenix-Mesa-Chandler, AZ",2010,55,32,14,9,1625716,187,4,2
38060,"Phoenix-Mesa-Chandler, AZ",2011,73,41,21,10,1059372,170,10,8
38060,"Phoenix-Mesa-Chandler, AZ",2012,80,35,36,9,1900333,239,9,8
38060,"Phoenix-Mesa-Chandler, AZ",2013,88,36,41,11,2026689,250,11,10
38060,"Phoenix-Mesa-Chandler, AZ",2014,90,22,56,12,3376965,261,12,12
38060,"Phoenix-Mesa-Chandler, AZ",2015,81,27,42,12,1436333,270,12,10
38060,"Phoenix-Mesa-Chandler, AZ",2016,83,13,57,13,10907198,269,13,11
38060,"Phoenix-Mesa-Chandler, AZ",2017,97,27,55,15,770443,277,15,11
38300,"Pittsburgh, PA",2006,86,31,36,19,16432059,286,18,12
38300,"Pittsburgh, PA",2007,82,30,28,24,10791725,379,16,12
38300,"Pittsburgh, PA",2008,84,32,36,16,13031156,369,13,9
38300,"Pittsburgh, PA",2009,61,17,24,19,12170219,370,13,8
38300,"Pittsburgh, PA",2010,128,59,49,20,9917819,333,16,14
38300,"Pittsburgh, PA",2011,175,91,69,15,8846450,411,13,12
38300,"Pittsburgh, PA",2012,207,110,75,22,24101436,486,20,17
38300,"Pittsburgh, PA",2013,249,155,68,26,9334742,495,24,14
38300,"Pittsburgh, PA",2014,240,141,73,26,46371249,537,17,15
38300,"Pittsburgh, PA",2015,178,68,85,24,10877222,785,22,14
38300,"Pittsburgh, PA",2016,175,47,91,38,21035282,576,21,11
38300,"Pittsburgh, PA",2017,223,84,97,42,762188567,593,26,17
38540,"Pocatello, ID",2010,1,0,0,0,0,0,0,0
38540,"Pocatello, ID",2011,0,0,0,0,0,3,0,0
38540,"Pocatello, ID",2012,0,0,0,0,0,2,0,0
38540,"Pocatello, ID",2013,0,0,0,0,0,9,0,0
38900,"Portland-Vancouver-Hillsboro, OR-WA",2006,36,5,29,2,719786,127,3,3
38900,"Portland-Vancouver-Hillsboro, OR-WA",2007,50,13,31,6,1246355,141,6,6
38900,"Portland-Vancouver-Hillsboro, OR-WA",2008,50,12,32,6,4683605,122,4,2
38900,"Portland-Vancouver-Hillsboro, OR-WA",2009,66,13,44,9,1627812,146,4,3
38900,"Portland-Vancouver-Hillsboro, OR-WA",2010,54,10,33,11,1317468,129,3,2
38900,"Portland-Vancouver-Hillsboro, OR-WA",2011,66,7,55,4,69281,144,3,3
38900,"Portland-Vancouver-Hillsboro, OR-WA",2012,79,12,64,3,1146775,138,3,3
38900,"Portland-Vancouver-Hillsboro, OR-WA",2013,119,20,94,5,2942374,127,5,5
38900,"Portland-Vancouver-Hillsboro, OR-WA",2014,114,9,100,5,2021070,153,4,3
38900,"Portland-Vancouver-Hillsboro, OR-WA",2015,117,33,77,7,2163020,149,6,5
38900,"Portland-Vancouver-Hillsboro, OR-WA",2016,104,18,76,10,1537848,151,6,4
38900,"Portland-Vancouver-Hillsboro, OR-WA",2017,120,15,101,4,1994654,167,3,2
39300,"Providence-Warwick, RI-MA",2006,1,1,0,0,900166,19,0,0
39300,"Providence-Warwick, RI-MA",2007,1,1,0,0,539472,16,0,0
39300,"Providence-Warwick, RI-MA",2008,2,1,1,0,344642,12,0,0
39300,"Providence-Warwick, RI-MA",2009,6,3,3,0,690479,8,0,0
39300,"Providence-Warwick, RI-MA",2010,3,2,1,0,200752,21,0,0
39300,"Providence-Warwick, RI-MA",2012,18,0,17,1,1593000,58,0,0
39300,"Providence-Warwick, RI-MA",2013,13,5,7,1,2522867,75,1,0
39300,"Providence-Warwick, RI-MA",2014,6,1,2,3,1861000,55,2,1
39300,"Providence-Warwick, RI-MA",2015,15,8,6,1,1524565,83,1,1
39300,"Providence-Warwick, RI-MA",2016,9,0,6,4,1413561,83,2,1
39300,"Providence-Warwick, RI-MA",2017,6,1,2,3,1183947,93,3,2
39340,"Provo-Orem, UT",2006,25,7,4,14,3070472,94,5,4
39340,"Provo-Orem, UT",2007,32,10,6,16,2408853,206,6,5
39340,"Provo-Orem, UT",2008,29,6,11,12,4481644,92,9,7
39340,"Provo-Orem, UT",2009,27,8,9,10,2687163,159,9,8
39340,"Provo-Orem, UT",2010,27,1,13,13,4079216,117,13,13
39340,"Provo-Orem, UT",2011,41,2,35,4,3442516,112,4,0
39340,"Provo-Orem, UT",2012,34,1,10,23,2597735,81,5,5
39340,"Provo-Orem, UT",2013,22,8,8,6,1818121,105,6,4
39340,"Provo-Orem, UT",2015,31,3,18,10,2644411,89,9,7
39340,"Provo-Orem, UT",2016,31,1,8,22,3974704,69,19,19
39340,"Provo-Orem, UT",2017,35,4,4,27,2325153,96,15,21
39580,"Raleigh-Cary, NC",2006,65,9,52,4,0,208,5,5
39580,"Raleigh-Cary, NC",2007,106,9,80,17,0,172,5,5
39580,"Raleigh-Cary, NC",2008,69,14,44,11,0,154,5,5
39580,"Raleigh-Cary, NC",2009,91,13,73,5,4930022,130,4,4
39580,"Raleigh-Cary, NC",2010,74,26,44,4,5117361,124,4,4
39580,"Raleigh-Cary, NC",2011,86,26,57,3,5186844,165,4,3
39580,"Raleigh-Cary, NC",2012,59,22,31,6,6430764,274,4,4
39580,"Raleigh-Cary, NC",2013,111,50,45,16,6788262,238,8,7
39580,"Raleigh-Cary, NC",2014,145,84,44,17,7528096,258,10,10
39580,"Raleigh-Cary, NC",2015,139,53,63,23,7601068,291,12,11
39580,"Raleigh-Cary, NC",2016,164,52,75,37,3844823,290,12,9
39580,"Raleigh-Cary, NC",2017,171,69,71,31,4445476,275,15,15
39900,"Reno, NV",2006,2,2,0,0,77128,23,0,0
39900,"Reno, NV",2007,3,1,2,0,69871,23,0,0
39900,"Reno, NV",2008,4,2,2,0,97553,0,0,0
39900,"Reno, NV",2009,2,0,0,0,164366,22,0,0
39900,"Reno, NV",2010,1,1,0,0,109941,25,0,0
39900,"Reno, NV",2011,2,0,2,0,117000,17,0,0
39900,"Reno, NV",2012,2,1,1,0,79499,29,0,0
39900,"Reno, NV",2013,1,1,0,0,113206,23,2,2
39900,"Reno, NV",2015,3,1,2,0,165193,31,1,1
39900,"Reno, NV",2016,4,1,1,2,233072,17,3,3
39900,"Reno, NV",2017,6,3,3,0,320209,21,1,1
40060,"Richmond, VA",2006,32,23,7,2,1552936,74,2,1
40060,"Richmond, VA",2007,13,1,11,1,2656059,78,1,1
40060,"Richmond, VA",2008,10,2,5,3,1884093,98,3,3
40060,"Richmond, VA",2009,19,9,9,1,964033,93,1,0
40060,"Richmond, VA",2010,13,1,11,1,1077477,101,1,0
40060,"Richmond, VA",2011,10,1,7,2,1229000,106,2,0
40060,"Richmond, VA",2012,10,3,6,1,1827650,111,1,7
40060,"Richmond, VA",2013,11,3,5,3,1344410,103,3,7
40060,"Richmond, VA",2014,17,8,6,3,1743344,98,3,1
40060,"Richmond, VA",2015,14,5,2,7,2570679,93,7,5
40060,"Richmond, VA",2016,18,9,4,5,2337226,133,4,3
40060,"Richmond, VA",2017,18,3,11,4,6677008,134,4,2
40140,"Riverside-San Bernardino-Ontario, CA",2015,0,0,0,0,0,4,0,0
40380,"Rochester, NY",2006,24,4,8,12,38016557,141,7,5
40380,"Rochester, NY",2007,12,3,4,5,53336965,149,2,1
40380,"Rochester, NY",2008,18,10,4,4,72264249,147,6,5
40380,"Rochester, NY",2009,15,5,6,4,46025270,148,2,1
40380,"Rochester, NY",2010,19,7,8,4,41664036,123,5,5
40380,"Rochester, NY",2011,33,4,19,10,41813373,128,2,1
40380,"Rochester, NY",2012,33,6,16,11,39637063,146,2,2
40380,"Rochester, NY",2013,15,3,5,5,29623288,156,0,0
40380,"Rochester, NY",2014,35,5,24,6,25864469,177,2,1
40380,"Rochester, NY",2015,29,2,18,9,22661564,169,8,5
40380,"Rochester, NY",2016,38,12,25,1,23090247,162,4,4
40380,"Rochester, NY",2017,36,8,22,6,10306584,128,5,4
40820,"Ruston, LA",2007,5,0,2,3,70700,32,2,1
40820,"Ruston, LA",2008,9,0,4,1,55600,27,1,1
40820,"Ruston, LA",2009,4,0,3,1,176800,26,1,1
40820,"Ruston, LA",2010,2,0,1,1,33500,24,1,1
40820,"Ruston, LA",2011,2,0,2,0,31500,18,0,0
40820,"Ruston, LA",2012,5,2,2,1,31500,28,1,1
40820,"Ruston, LA",2013,3,0,2,1,225842,18,1,0
40820,"Ruston, LA",2014,6,4,0,2,222270,17,2,2
40820,"Ruston, LA",2015,6,1,0,3,160289,13,3,3
40820,"Ruston, LA",2016,3,0,2,1,143885,12,1,1
40820,"Ruston, LA",2017,2,1,1,0,173250,10,0,0
41180,"St. Louis, MO-IL",2006,45,30,13,2,11936957,139,3,4
41180,"St. Louis, MO-IL",2007,46,1,3,7,12534437,121,6,3
41180,"St. Louis, MO-IL",2011,5,0,4,2,677204,25,0,0
41180,"St. Louis, MO-IL",2012,0,0,0,0,710882,21,0,0
41180,"St. Louis, MO-IL",2014,3,0,0,3,629425,25,3,3
41180,"St. Louis, MO-IL",2015,7,1,2,4,831819,8,2,0
41180,"St. Louis, MO-IL",2016,4,0,2,2,1569418,30,1,0
41620,"Salt Lake City, UT",2006,61,11,33,17,16295064,180,17,17
41620,"Salt Lake City, UT",2007,64,10,36,18,17493415,189,18,15
41620,"Salt Lake City, UT",2008,78,27,31,20,26211372,205,20,15
41620,"Salt Lake City, UT",2009,79,17,43,19,12422572,200,19,17
41620,"Salt Lake City, UT",2010,68,12,38,18,37547208,208,18,16
41620,"Salt Lake City, UT",2011,81,23,39,19,37054745,237,19,13
41620,"Salt Lake City, UT",2012,70,15,41,14,37337517,278,14,10
41620,"Salt Lake City, UT",2013,88,19,46,23,38005427,212,23,19
41620,"Salt Lake City, UT",2014,105,20,69,16,76514927,179,16,11
41620,"Salt Lake City, UT",2015,91,15,60,16,60038273,167,16,15
41620,"Salt Lake City, UT",2017,42,7,13,22,8260475,196,10,10
41700,"San Antonio-New Braunfels, TX",2007,8,3,5,0,1606882,25,0,0
41700,"San Antonio-New Braunfels, TX",2008,4,1,3,0,2491100,34,0,0
41740,"San Diego-Chula Vista-Carlsbad, CA",2008,10,8,2,0,381661,13,0,0
41740,"San Diego-Chula Vista-Carlsbad, CA",2009,14,2,10,2,419873,24,0,0
41740,"San Diego-Chula Vista-Carlsbad, CA",2010,12,2,4,6,365814,28,3,3
41740,"San Diego-Chula Vista-Carlsbad, CA",2011,11,1,2,8,530738,37,4,4
41740,"San Diego-Chula Vista-Carlsbad, CA",2012,8,0,3,3,355812,52,3,3
41740,"San Diego-Chula Vista-Carlsbad, CA",2013,14,3,10,1,401881,32,1,1
41740,"San Diego-Chula Vista-Carlsbad, CA",2014,12,0,10,2,1314965,30,1,1
41740,"San Diego-Chula Vista-Carlsbad, CA",2015,9,0,0,3,584536,35,1,0
41740,"San Diego-Chula Vista-Carlsbad, CA",2016,10,0,0,0,582861,29,0,0
41740,"San Diego-Chula Vista-Carlsbad, CA",2017,6,0,0,0,519725,34,0,0
41860,"San Francisco-Oakland-Berkeley, CA",2006,226,114,52,60,193499879,1308,39,29
41860,"San Francisco-Oakland-Berkeley, CA",2007,231,123,58,50,97593575,1411,38,28
41860,"San Francisco-Oakland-Berkeley, CA",2008,206,88,61,57,146314433,1497,55,49
41860,"San Francisco-Oakland-Berkeley, CA",2009,237,126,54,57,103104667,1482,47,34
41860,"San Francisco-Oakland-Berkeley, CA",2010,252,147,36,69,104434511,1565,75,62
41860,"San Francisco-Oakland-Berkeley, CA",2011,292,151,98,43,182049620,1581,58,44
41860,"San Francisco-Oakland-Berkeley, CA",2012,236,126,72,38,102191043,1638,55,46
41860,"San Francisco-Oakland-Berkeley, CA",2013,261,158,61,42,104807562,1595,66,48
41860,"San Francisco-Oakland-Berkeley, CA",2014,264,142,85,37,115376018,1646,75,68
41860,"San Francisco-Oakland-Berkeley, CA",2015,277,147,66,64,174866269,1648,83,74
41860,"San Francisco-Oakland-Berkeley, CA",2016,278,54,124,100,156128029,1679,86,82
41860,"San Francisco-Oakland-Berkeley, CA",2017,297,86,95,116,124462132,1586,94,84
41940,"San Jose-Sunnyvale-Santa Clara, CA",2006,109,42,59,8,61310739,518,7,7
41940,"San Jose-Sunnyvale-Santa Clara, CA",2007,88,27,56,5,50370600,401,6,5
41940,"San Jose-Sunnyvale-Santa Clara, CA",2008,107,29,69,9,62514524,441,9,8
41940,"San Jose-Sunnyvale-Santa Clara, CA",2009,77,30,37,10,65054187,443,9,8
41940,"San Jose-Sunnyvale-Santa Clara, CA",2010,90,26,54,10,65466286,467,0,0
41940,"San Jose-Sunnyvale-Santa Clara, CA",2011,123,0,0,0,66797246,504,0,0
41940,"San Jose-Sunnyvale-Santa Clara, CA",2012,137,0,0,0,76727029,504,0,0
41940,"San Jose-Sunnyvale-Santa Clara, CA",2013,123,0,0,0,86967392,502,9,8
41940,"San Jose-Sunnyvale-Santa Clara, CA",2014,106,0,0,0,108604960,481,23,22
41940,"San Jose-Sunnyvale-Santa Clara, CA",2015,112,0,0,0,95110075,483,28,25
41940,"San Jose-Sunnyvale-Santa Clara, CA",2016,141,0,0,32,94220370,472,32,29
41940,"San Jose-Sunnyvale-Santa Clara, CA",2017,157,0,0,22,45391705,477,22,17
42020,"San Luis Obispo-Paso Robles, CA",2016,2,0,2,0,20000,7,0,0
43780,"South Bend-Mishawaka, IN-MI",2007,3,0,2,1,84059,46,0,0
43780,"South Bend-Mishawaka, IN-MI",2008,6,1,4,1,259990,48,0,0
43780,"South Bend-Mishawaka, IN-MI",2009,6,1,3,2,91580,33,2,1
43780,"South Bend-Mishawaka, IN-MI",2010,8,1,2,5,338161,39,2,2
43780,"South Bend-Mishawaka, IN-MI",2011,6,3,1,2,559262,56,1,1
43780,"South Bend-Mishawaka, IN-MI",2012,11,5,2,4,225900,54,4,2
43780,"South Bend-Mishawaka, IN-MI",2013,6,1,1,4,137404,72,1,1
43780,"South Bend-Mishawaka, IN-MI",2014,13,2,6,5,345094,62,3,2
43780,"South Bend-Mishawaka, IN-MI",2015,18,5,6,7,586427,78,2,0
43780,"South Bend-Mishawaka, IN-MI",2016,22,5,4,6,327949,73,4,1
43780,"South Bend-Mishawaka, IN-MI",2017,22,3,4,3,386917,73,3,2
44260,"Starkville, MS",2006,12,3,6,3,476386,67,2,2
44260,"Starkville, MS",2007,10,1,5,4,414008,80,3,3
44260,"Starkville, MS",2008,1,0,0,1,428362,56,4,4
44260,"Starkville, MS",2009,4,1,3,0,382347,51,0,0
44260,"Starkville, MS",2010,12,0,10,2,328080,51,1,1
44260,"Starkville, MS",2011,12,2,9,1,336436,44,5,5
44260,"Starkville, MS",2012,7,0,6,1,255914,35,1,1
44260,"Starkville, MS",2013,6,0,2,4,175153,35,4,3
44260,"Starkville, MS",2014,19,1,12,6,152689,29,1,1
44260,"Starkville, MS",2015,9,2,6,1,230248,30,1,1
44260,"Starkville, MS",2016,5,1,4,0,203762,37,2,2
44260,"Starkville, MS",2017,7,0,5,2,146281,35,3,2
44300,"State College, PA",2006,22,6,10,6,1348400,152,4,3
44300,"State College, PA",2007,12,5,4,3,1816794,121,3,3
44300,"State College, PA",2008,26,12,13,1,1504063,143,1,1
44300,"State College, PA",2009,21,5,11,5,1227175,119,3,2
44300,"State College, PA",2010,24,13,6,5,2271002,133,5,4
44300,"State College, PA",2011,23,8,9,6,2947261,144,5,2
44300,"State College, PA",2012,21,7,8,6,3095017,132,5,4
44300,"State College, PA",2013,36,8,8,20,2267016,159,10,9
44300,"State College, PA",2014,36,12,9,15,1525921,117,9,7
44300,"State College, PA",2015,24,8,6,10,1957775,144,8,6
44300,"State College, PA",2016,17,5,7,5,7832756,154,6,4
44300,"State College, PA",2017,30,12,8,10,1177897,158,8,8
45220,"Tallahassee, FL",2006,2,2,0,0,1139604,51,0,0
45220,"Tallahassee, FL",2007,13,8,4,1,1813580,44,1,1
45220,"Tallahassee, FL",2008,11,3,5,3,1257266,56,3,1
45220,"Tallahassee, FL",2009,10,4,4,2,1192448,45,2,2
45220,"Tallahassee, FL",2010,6,1,3,2,1314917,45,2,2
45220,"Tallahassee, FL",2011,10,2,4,4,1467981,64,4,4
45220,"Tallahassee, FL",2012,13,4,7,2,1133065,74,2,2
45220,"Tallahassee, FL",2013,15,4,8,3,1036222,58,3,2
45220,"Tallahassee, FL",2014,20,4,8,8,1064265,61,2,8
45220,"Tallahassee, FL",2015,16,3,3,10,497282,76,8,0
45220,"Tallahassee, FL",2016,9,1,2,6,348929,66,3,2
45220,"Tallahassee, FL",2017,14,1,11,2,448612,53,2,2
45300,"Tampa-St. Petersburg-Clearwater, FL",2006,21,3,10,8,1704025,109,6,6
45300,"Tampa-St. Petersburg-Clearwater, FL",2007,23,8,2,13,2099712,138,4,4
45300,"Tampa-St. Petersburg-Clearwater, FL",2008,28,13,7,8,1831000,139,5,5
45300,"Tampa-St. Petersburg-Clearwater, FL",2010,37,13,13,11,17411625,161,5,4
45300,"Tampa-St. Petersburg-Clearwater, FL",2011,36,16,12,8,1390871,172,8,5
45300,"Tampa-St. Petersburg-Clearwater, FL",2012,52,16,28,8,1243424,177,10,10
45300,"Tampa-St. Petersburg-Clearwater, FL",2013,75,24,40,11,1802233,185,9,8
45300,"Tampa-St. Petersburg-Clearwater, FL",2014,91,33,42,16,1405713,190,11,8
45300,"Tampa-St. Petersburg-Clearwater, FL",2015,119,47,60,12,2455127,185,11,8
45300,"Tampa-St. Petersburg-Clearwater, FL",2016,133,67,54,12,1903090,188,9,8
45300,"Tampa-St. Petersburg-Clearwater, FL",2017,122,49,60,13,2062242,193,10,5
45780,"Toledo, OH",2006,9,3,3,3,312423,43,2,2
45780,"Toledo, OH",2007,18,7,9,2,656156,41,2,1
45780,"Toledo, OH",2008,14,6,2,6,704293,63,3,3
45780,"Toledo, OH",2009,26,3,17,6,716296,103,4,4
45780,"Toledo, OH",2010,18,5,9,4,874868,76,3,2
45780,"Toledo, OH",2011,16,6,8,2,795298,76,2,0
45780,"Toledo, OH",2012,9,3,4,2,696542,48,2,1
45780,"Toledo, OH",2013,18,8,7,3,603526,90,3,3
45780,"Toledo, OH",2014,18,2,12,4,1422993,60,4,4
45780,"Toledo, OH",2015,14,3,6,5,951945,60,0,0
45780,"Toledo, OH",2016,10,3,4,3,713908,99,3,2
45780,"Toledo, OH",2017,9,4,2,3,5575135,57,0,0
45940,"Trenton-Princeton, NJ",2011,13,1,8,4,115206000,84,4,1
45940,"Trenton-Princeton, NJ",2012,19,3,11,5,130086000,106,0,0
45940,"Trenton-Princeton, NJ",2013,12,4,4,4,134000000,107,1,0
45940,"Trenton-Princeton, NJ",2014,12,1,6,5,142980000,106,4,1
45940,"Trenton-Princeton, NJ",2015,16,3,9,4,142231000,117,4,1
45940,"Trenton-Princeton, NJ",2016,14,2,9,3,131048000,100,1,1
45940,"Trenton-Princeton, NJ",2017,26,4,11,11,68841000,90,6,4
46060,"Tucson, AZ",2006,26,7,16,3,1688857,90,3,1
46060,"Tucson, AZ",2007,28,16,4,8,1191130,104,3,2
46060,"Tucson, AZ",2008,37,0,0,6,690190,101,6,6
46060,"Tucson, AZ",2009,49,18,16,15,687110,125,7,7
46060,"Tucson, AZ",2010,64,28,21,15,718027,131,6,4
46060,"Tucson, AZ",2011,80,47,18,15,981495,149,8,7
46060,"Tucson, AZ",2012,47,20,11,16,921965,142,5,3
46060,"Tucson, AZ",2013,48,23,19,6,926023,144,3,3
46060,"Tucson, AZ",2014,72,7,46,19,1112331,188,11,9
46060,"Tucson, AZ",2015,83,29,31,23,3895882,213,12,10
46060,"Tucson, AZ",2016,95,20,53,22,2015807,250,14,7
46060,"Tucson, AZ",2017,105,22,64,19,2703261,261,15,12
46140,"Tulsa, OK",2006,0,0,0,0,0,0,0,0
46220,"Tuscaloosa, AL",2006,2,1,0,1,0,15,0,0
46220,"Tuscaloosa, AL",2007,5,1,0,4,150000,46,4,3
46220,"Tuscaloosa, AL",2008,5,0,1,4,38163,38,3,1
46220,"Tuscaloosa, AL",2009,3,0,1,2,5005,41,2,1
46220,"Tuscaloosa, AL",2010,3,0,3,0,77051,31,0,0
46220,"Tuscaloosa, AL",2011,3,0,3,0,8593,30,0,0
46220,"Tuscaloosa, AL",2012,4,1,2,1,18294,36,1,1
46220,"Tuscaloosa, AL",2013,4,0,1,3,9054,48,2,2
46220,"Tuscaloosa, AL",2014,4,1,1,2,6728,58,0,0
46220,"Tuscaloosa, AL",2015,6,1,1,4,79171,42,4,4
46220,"Tuscaloosa, AL",2016,5,0,2,3,88274,50,3,2
46220,"Tuscaloosa, AL",2017,5,0,0,5,108314,52,3,2
46520,"Urban Honolulu, HI",2006,11,2,2,7,900329,64,4,5
46520,"Urban Honolulu, HI",2007,8,1,1,6,597704,48,3,3
46520,"Urban Honolulu, HI",2008,1,1,0,0,359525,54,0,0
46520,"Urban Honolulu, HI",2009,6,3,1,2,360393,42,3,3
46520,"Urban Honolulu, HI",2010,6,3,1,2,107702,53,1,1
46520,"Urban Honolulu, HI",2011,7,0,5,2,282858,42,2,2
46520,"Urban Honolulu, HI",2012,10,0,8,2,171711,51,2,2
46520,"Urban Honolulu, HI",2013,1,0,0,1,294912,34,0,0
46520,"Urban Honolulu, HI",2014,5,1,3,1,117628,38,0,0
46520,"Urban Honolulu, HI",2015,3,1,1,1,265974,58,3,3
46520,"Urban Honolulu, HI",2016,12,1,9,2,408513,50,2,2
46520,"Urban Honolulu, HI",2017,12,3,6,3,288752,52,0,1
46620,"Uvalde, TX",2006,73,17,38,18,6418994,115,1,1
46620,"Uvalde, TX",2007,58,16,38,4,7627618,154,1,1
46620,"Uvalde, TX",2008,41,13,28,0,11787219,226,1,0
46620,"Uvalde, TX",2009,63,11,48,4,9897559,196,6,6
46620,"Uvalde, TX",2010,49,9,40,0,8620889,207,7,7
46620,"Uvalde, TX",2011,67,10,48,9,9264041,284,4,4
46620,"Uvalde, TX",2012,71,25,45,1,13073593,212,5,4
46620,"Uvalde, TX",2013,55,19,33,3,12826461,159,3,3
46620,"Uvalde, TX",2014,58,17,33,8,10205586,219,9,9
46620,"Uvalde, TX",2015,79,18,53,8,10154487,258,8,4
46620,"Uvalde, TX",2016,80,12,56,12,6930232,224,12,11
46620,"Uvalde, TX",2017,42,6,30,6,6147135,224,6,6
46820,"Vermillion, SD",2007,0,0,0,0,0,5,0,0
46820,"Vermillion, SD",2008,0,0,0,0,0,5,0,0
46820,"Vermillion, SD",2009,1,0,1,0,25000,5,2,2
46820,"Vermillion, SD",2010,0,0,0,0,25000,4,2,2
46820,"Vermillion, SD",2011,0,0,0,0,50000,3,0,0
46820,"Vermillion, SD",2012,0,0,0,0,52487,8,0,0
46820,"Vermillion, SD",2013,1,0,1,0,9615,11,1,1
46820,"Vermillion, SD",2015,0,0,0,0,27404,7,0,0
46820,"Vermillion, SD",2017,0,0,0,0,0,9,0,0
47260,"Virginia Beach-Norfolk-Newport News, VA-NC",2006,3,0,3,0,795833,14,0,0
47260,"Virginia Beach-Norfolk-Newport News, VA-NC",2007,6,2,1,3,993250,13,2,1
47260,"Virginia Beach-Norfolk-Newport News, VA-NC",2008,5,1,4,0,1188762,7,0,0
47260,"Virginia Beach-Norfolk-Newport News, VA-NC",2009,3,2,0,1,1260808,8,1,0
47260,"Virginia Beach-Norfolk-Newport News, VA-NC",2010,1,1,0,0,1228505,19,0,0
47260,"Virginia Beach-Norfolk-Newport News, VA-NC",2011,3,2,0,1,15000,7,1,0
47260,"Virginia Beach-Norfolk-Newport News, VA-NC",2012,8,4,1,3,83937,8,3,1
47260,"Virginia Beach-Norfolk-Newport News, VA-NC",2013,8,1,4,3,83503,28,3,1
47380,"Waco, TX",2009,0,0,0,0,0,4,1,1
47380,"Waco, TX",2011,1,0,0,1,0,8,0,0
47900,"Washington-Arlington-Alexandria, DC-VA-MD-WV",2006,73,16,50,7,11396713,243,5,1
47900,"Washington-Arlington-Alexandria, DC-VA-MD-WV",2007,76,19,29,28,4477226,242,12,8
47900,"Washington-Arlington-Alexandria, DC-VA-MD-WV",2008,53,27,13,13,8178560,263,8,5
47900,"Washington-Arlington-Alexandria, DC-VA-MD-WV",2009,59,17,32,10,11779399,359,9,6
47900,"Washington-Arlington-Alexandria, DC-VA-MD-WV",2010,45,12,19,14,10290339,393,10,8
47900,"Washington-Arlington-Alexandria, DC-VA-MD-WV",2011,49,8,21,20,9419648,325,12,7
47900,"Washington-Arlington-Alexandria, DC-VA-MD-WV",2012,44,16,17,8,11691784,368,8,6
47900,"Washington-Arlington-Alexandria, DC-VA-MD-WV",2013,46,11,18,15,10599086,347,15,13
47900,"Washington-Arlington-Alexandria, DC-VA-MD-WV",2014,62,13,30,17,11311656,435,12,6
47900,"Washington-Arlington-Alexandria, DC-VA-MD-WV",2015,70,22,32,16,9181272,374,13,9
47900,"Washington-Arlington-Alexandria, DC-VA-MD-WV",2016,67,9,33,25,9260063,426,29,20
47900,"Washington-Arlington-Alexandria, DC-VA-MD-WV",2017,83,13,40,30,10192118,446,20,14
47940,"Waterloo-Cedar Falls, IA",2007,3,1,2,0,32869,14,0,0
47940,"Waterloo-Cedar Falls, IA",2008,4,3,1,0,117750,11,0,0
47940,"Waterloo-Cedar Falls, IA",2012,3,1,1,1,209000,12,1,1
47940,"Waterloo-Cedar Falls, IA",2013,2,1,1,0,76000,10,1,1
47940,"Waterloo-Cedar Falls, IA",2014,3,2,1,0,40500,9,1,1
47940,"Waterloo-Cedar Falls, IA",2015,3,2,1,0,0,11,1,1
47940,"Waterloo-Cedar Falls, IA",2016,3,1,1,1,22000,10,1,1
47940,"Waterloo-Cedar Falls, IA",2017,2,0,1,1,27200,11,1,1
48620,"Wichita, KS",2015,8,1,5,2,5000,41,2,2
48620,"Wichita, KS",2016,4,0,0,0,14250,28,1,1
48900,"Wilmington, NC",2016,3,0,0,0,289,9,0,0
48900,"Wilmington, NC",2017,10,0,0,0,0,7,2,0
49180,"Winston-Salem, NC",2006,5,2,3,0,60588512,66,0,0
49180,"Winston-Salem, NC",2007,13,7,1,5,71226905,59,5,5
49180,"Winston-Salem, NC",2008,11,5,2,4,90005640,50,2,2
49180,"Winston-Salem, NC",2009,8,5,0,3,95636362,82,3,2
49180,"Winston-Salem, NC",2010,14,0,0,0,85991743,72,3,2
49180,"Winston-Salem, NC",2011,24,0,0,0,45733291,70,3,1
49180,"Winston-Salem, NC",2012,23,0,0,5,363949,68,5,4
49180,"Winston-Salem, NC",2013,25,0,0,0,2206265,102,6,3
49340,"Worcester, MA-CT",2006,45,15,28,2,27183583,141,2,2
49340,"Worcester, MA-CT",2007,78,22,51,5,40738116,174,1,1
49340,"Worcester, MA-CT",2008,35,16,17,2,35982532,162,2,2
49340,"Worcester, MA-CT",2009,50,35,12,3,70553428,166,1,0
49340,"Worcester, MA-CT",2010,42,28,10,4,40019174,169,2,1
49340,"Worcester, MA-CT",2011,25,10,14,1,35048951,150,1,0
49340,"Worcester, MA-CT",2012,43,13,13,17,52178726,169,3,2
49340,"Worcester, MA-CT",2013,32,17,8,7,34341922,174,3,1
49340,"Worcester, MA-CT",2014,35,17,12,6,29749846,171,5,4
49340,"Worcester, MA-CT",2015,45,19,19,7,32302364,201,6,6
49340,"Worcester, MA-CT",2016,31,8,9,14,22699497,199,13,14
49340,"Worcester, MA-CT",2017,37,7,18,12,34627904,190,11,8
